new_or_ren,senior_or_non_senior,Avg_Elec_Dev,surv_,Est_Ann_MMBtu,Est_Ann_Kwh,Yrs_in_Un,Ppl_in_Un,Ann_Income,Under_5,five_to_9,ten_to_19,tweenty_to_29,thirty_to_59,sixty_and_over,W_more_comf,W_same,W_less_comf,S_more_comf,S_same,S_less_comf,U_more_affor,U_same,U_less_affor,H_more_affor,H_same,H_less_affor,more_sat,same,less_sat,Affor_qual,Sat_qual,S_below_68,S_68-72,S_72-75,S_above_75,W_below_68,W_68-72,W_72-75,W_above_75,fall_window,winter_window,spring_window,summer_window,space_heater_comfort,fan_comfort,dry_pref,medium_pref,humid_pref,short_showers,medium_showers,long_showers,yes_dishwasher,no_hand-wash all,combination_wash,yes_wd,hang_dry_most_clothes_wd,not_in_unit_wd,low_wcomf,medium_wc,high_wc,low_sc,medium_sc,high_sc,low_comfort_sw_qual,Edu_on_systems,Edu_qual,never_noise_dist,sometimes_noise_dist,frequently_noise_dist,noise_elaborate_qual,HERS,PoC,CA,CV,NoB,H_type,foundat,HP_fuel,HP_HSPF,HP_SEER,WH_type,WH_fuel,WH_EF,WH_size,D_leak,V_type,V_exhaust,V_supply,V_balanced,V_air_cycler,P_heat,P_cool,C_R,S_attic,S_attic_R,AG_R-value,F_wall,S,S_edge_R,S_under_R,W_U,W_SHGC,IH_ACH,IC_ACH,IH_CFM,IC_CFM,I_method,Int_light,Ext_light,Ref,DW_EF,RO_fuel,D_fuel,D_EF,CF,est_H,est_C,est_HW,est_L/A,est_P,est_total,Avg_Elec_Un_kWh
0,1,508,4,26.7,7825,2,2,0,0,0,0,0,0,2,0,1,0,0,1,0,0,1,0,0,0,1,1,0,0,0,6,0,1,0,0,0,1,0,0,0,0,1,1,0,1,0,1,0,1,0,0,1,0,0,1,0,0,0,1,0,0,1,0,4,0,0,1,0,0,0,62,2,1152,9216,2,4,1,1,2,3,2,2,2.35,2,46,0,0,0,0,0,1,1,4,0,0,2,0,1,0,1,1,1,0,0,4,4,1,3,2,3,0.76,2,2,2.67,0,6.9,1.3,4.9,13.5,0,26.7,738
0,1,508,12,26.8,7854,1.42,1,5400,0,0,0,0,1,0,1,0,0,1,0,0,0,1,0,1,0,0,1,0,0,4,0,0,1,0,0,0,1,0,0,1,0,1,1,0,1,0,1,0,1,0,0,0,1,0,0,1,0,0,1,0,0,1,0,0,0,0,1,0,0,0,62,2,1152,9216,2,4,1,1,2,3,2,2,2.35,2,65,0,0,0,0,0,1,1,4,0,0,2,0,1,0,1,1,1,0,0,3,3,1,3,2,3,0.76,2,2,2.67,0,7,1.3,4.9,13.5,0,26.8,649
0,1,508,13,26.7,7825,2,2,10800,0,0,0,0,2,0,1,0,0,1,0,0,1,0,0,1,0,0,1,0,0,5,1,0,1,0,0,0,1,0,0,0,0,1,1,0,0,0,0,1,0,1,0,0,1,0,1,0,0,0,1,0,0,1,0,0,0,0,1,0,0,0,62,2,1152,9216,2,4,1,1,2,3,2,2,2.35,2,49,0,0,0,0,0,1,1,4,0,0,2,0,1,0,1,1,1,0,0,3,3,1,3,2,3,0.76,2,2,2.67,0,6.9,1.3,4.9,13.5,0,26.7,644
0,1,508,1,26.7,7825,2,1,14304,0,0,0,0,0,1,1,0,0,1,0,0,1,0,0,1,0,0,1,0,0,0,9,0,1,0,0,1,0,0,0,0,0,0,1,0,0,0,1,0,1,0,0,0,1,0,0,1,0,0,0,1,0,0,1,0,1,1,1,0,0,0,62,2,1152,9216,2,4,1,1,2,3,2,2,2.35,2,52,0,0,0,0,0,1,1,4,0,0,2,0,1,0,1,1,1,0,0,4,4,1,3,2,3,0.76,2,2,2.67,0,6.9,1.3,4.9,13.5,0,26.7,485
0,1,508,8,26.6,7796,2.5,3,0,0,0,2,0,1,0,1,0,0,1,0,0,1,0,0,1,0,0,1,0,0,12,0,0,0,1,0,0,1,0,0,0,0,0,1,0,1,0,1,0,0,1,0,1,0,0,1,0,0,0,0,1,0,0,1,0,0,0,0,1,0,0,62,2,1152,9216,2,4,1,1,2,3,2,2,2.35,2,37,0,0,0,0,0,1,1,4,0,0,2,0,1,0,1,1,1,0,0,3,3,1,3,2,3,0.76,2,2,2.67,0,6.8,1.3,4.9,13.5,0,26.6,571
0,1,508,11,26.6,7796,2,1,15036,0,0,0,0,1,0,0,0,1,0,1,0,0,1,0,0,0,1,1,0,0,4,6,0,1,0,0,0,0,1,0,0,0,0,1,0,0,0,1,0,0,1,0,0,1,0,1,0,0,0,1,0,0,1,0,4,0,1,0,1,0,3,62,2,1152,9216,2,4,1,1,2,3,2,2,2.35,2,32,0,0,0,0,0,1,1,4,0,0,2,0,1,0,1,1,1,0,0,4,4,1,3,2,3,0.76,2,2,2.67,0,6.8,1.3,4.9,13.5,0,26.6,536
0,1,508,5,24.1,7063,2,1,8376,0,0,0,0,1,0,1,0,0,1,0,0,1,0,0,0,1,0,0,1,0,0,0,0,1,0,0,0,0,1,0,0,0,1,1,0,1,0,1,0,0,1,0,0,0,1,1,0,0,0,1,0,0,1,0,0,0,0,0,1,0,2,64,2,880,7040,1,5,1,1,2,3,2,2,2.35,2,36,0,0,0,0,0,1,1,4,0,0,2,0,1,0,1,1,1,0,0,3,3,1,3,2,3,0.76,2,2,2.67,0,7.6,1,4.1,11.5,0,24.1,459
0,1,508,6,24.1,7063,1.5,1,16800,0,0,0,0,0,1,1,0,0,1,0,0,1,0,0,1,0,0,1,0,0,0,1,0,1,0,0,0,1,0,0,0,0,1,1,0,1,0,1,0,0,1,0,0,1,0,1,0,0,0,1,0,0,1,0,0,0,0,1,0,0,0,64,2,880,7040,1,5,1,1,2,3,2,2,2.35,2,36,0,0,0,0,0,1,1,4,0,0,2,0,1,0,1,1,1,0,0,3,3,1,3,2,3,0.76,2,2,2.67,0,7.5,1,4.1,11.5,0,24.1,473
0,1,508,7,26.5,7766,0.5,1,0,0,0,0,0,1,0,1,0,0,0,1,0,0,1,0,0,1,0,1,0,0,0,0,0,0,1,0,0,1,0,0,0,0,1,0,0,0,0,1,0,0,1,0,0,1,0,1,0,0,0,1,0,0,1,0,0,0,0,0,1,0,0,62,2,1152,9216,2,4,1,1,2,3,2,2,2.35,2,20,0,0,0,0,0,1,1,4,0,0,2,0,1,0,1,1,1,0,0,4,4,1,3,2,3,0.76,2,2,2.67,0,6.8,1.3,4.9,13.5,0,26.5,450
0,1,508,10,24.1,7063,2,1,17208,0,0,0,0,0,1,1,0,0,1,0,0,1,0,0,0,1,0,1,0,0,0,0,0,0,1,0,0,0,1,0,0,0,1,0,0,0,0,1,0,0,1,0,0,0,1,1,0,0,0,1,0,0,1,0,0,1,0,1,0,0,0,63,2,880,7040,1,5,1,1,2,3,2,2,2.35,2,34,0,0,0,0,0,1,1,4,0,0,2,0,1,0,1,1,1,0,0,2,2,1,3,2,3,0.76,2,2,2.67,0,7.5,1,4.1,11.5,0,24.1,391
0,1,508,14,24.4,7151,2.5,1,0,0,0,0,0,0,1,1,0,0,1,0,0,1,0,0,1,0,0,1,0,0,5,1,0,1,0,0,0,0,1,0,0,0,0,0,0,0,0,1,0,1,0,0,0,1,0,1,0,0,1,0,0,0,0,1,1,0,0,1,0,0,0,65,2,876,7008,1,5,1,1,2,3,2,2,2.35,2,81,0,0,0,0,0,1,1,4,0,0,2,0,1,0,1,1,1,0,0,2,2,1,3,2,3,0.76,2,2,2.67,0,7.8,1,4.1,11.5,0,24.4,362
0,1,508,2,26.5,7766,1,1,24000,0,0,0,0,0,1,1,0,0,1,0,0,0,0,1,1,0,0,1,0,0,3,9,0,0,0,0,0,0,0,0,1,1,1,0,1,0,0,1,0,0,0,1,0,1,0,1,0,0,0,0,1,0,0,1,0,0,0,0,1,0,4,62,2,1152,9216,2,4,1,1,2,3,2,2,2.35,2,30,0,0,0,0,0,1,1,4,0,0,2,0,1,0,1,1,1,0,0,2,2,1,3,2,3,0.76,2,2,2.67,0,6.8,1.3,4.9,13.5,0,26.5,341
1,1,643,2,21.3,6242,17,2,30000,0,0,1,0,1,0,0,1,0,0,1,0,0,1,0,0,1,0,0,1,0,0,0,0,0,1,0,0,0,1,0,1,0,1,1,0,1,1,0,0,0,1,0,0,0,1,0,0,1,0,1,0,1,0,0,0,0,0,1,0,0,0,59,2,925,7400,2,1,1,1,2,3,2,2,2.33,3,18.5,0,0,0,0,0,1,1,0,0,0,2,0,1,1,1,2,1,2,2,0,0,1,3,2,1,0.78,2,2,3.01,0,2.7,2.2,3.7,12.6,0,21.3,407
1,1,643,3,21.2,6213,3,2,12000,0,0,1,0,1,0,1,0,0,1,0,0,0,1,0,0,1,0,0,1,0,0,0,0,1,0,0,0,0,0,1,1,0,1,0,1,1,0,1,0,1,0,0,0,1,0,0,0,1,1,0,0,0,1,0,0,0,0,0,1,0,0,59,2,925,7400,2,1,1,1,2,3,2,2,2.33,3,18.5,0,0,0,0,0,1,1,0,0,0,2,0,1,1,1,2,1,2,2,0,0,1,2,1,1,0.78,2,2,3.01,0,2.6,2.2,3.7,12.6,0,21.2,546
1,1,643,4,21.2,6213,19,1,50000,0,0,0,0,1,0,1,0,0,1,0,0,0,1,0,1,0,0,1,0,0,1,0,0,1,0,0,0,0,1,0,0,0,0,1,0,0,0,1,0,0,1,0,0,1,0,1,0,0,0,1,0,0,1,0,0,0,0,0,1,0,0,59,2,925,7400,2,1,1,1,2,3,2,2,2.33,3,18.5,0,0,0,0,0,1,1,0,0,0,2,0,1,1,1,2,1,2,2,0,0,1,3,2,1,0.78,2,2,3.01,0,2.6,2.2,3.7,12.6,0,21.2,717
1,1,643,5,21.2,6213,1,1,24000,0,0,0,0,1,0,0,1,0,0,1,0,1,0,0,0,0,0,0,0,0,1,0,0,1,0,0,0,0,1,0,0,0,1,0,0,0,1,0,0,0,1,0,0,1,0,0,0,1,0,1,0,0,1,0,0,1,8,0,0,1,0,59,2,925,7400,2,1,1,1,2,3,2,2,2.33,3,18.5,0,0,0,0,0,1,1,0,0,0,2,0,1,1,1,2,1,2,2,0,0,1,3,2,1,0.78,2,2,3.01,0,2.6,2.2,3.7,12.6,0,21.2,432
1,1,643,6,21.2,6213,6,2,1200,0,0,1,0,1,0,0,1,0,1,0,0,0,1,0,1,0,0,1,0,0,1,0,0,0,1,0,0,0,0,1,0,0,0,0,0,1,0,1,0,1,0,0,0,1,0,0,0,1,0,1,0,0,1,0,0,0,0,1,0,0,0,59,2,925,7400,2,1,1,1,2,3,2,2,2.33,3,18.5,0,0,0,0,0,1,1,0,0,0,2,0,1,1,1,2,1,2,2,0,0,1,3,2,1,0.78,2,2,3.01,0,2.6,2.2,3.7,12.6,0,21.2,722
1,1,643,7,21.7,6360,3,3,21216,0,0,0,1,1,1,0,1,0,1,0,0,1,0,0,1,0,0,1,0,0,1,3,0,0,1,0,0,0,1,0,0,0,1,0,0,0,0,1,0,0,1,1,0,0,1,0,0,1,0,1,0,0,1,0,0,1,1,0,1,0,0,61,2,925,7400,2,1,2,2,2,3,2,2,2.33,3,18.5,0,0,0,0,0,1,1,4,0,0,2,0,0,0,0,2,1,2,2,0,0,1,3,2,1,0.78,2,2,3.01,0,2.5,2.8,3.7,12.6,0,21.7,623
1,1,643,9,23.9,7004,20,1,14000,0,0,0,0,0,1,0,1,0,0,1,0,1,0,0,0,1,0,1,0,0,0,0,0,1,0,0,0,0,0,1,0,0,0,1,0,1,0,1,0,1,0,0,0,1,0,0,0,1,0,1,0,0,0,1,0,1,0,0,1,0,0,63,2,910,7280,2,2,1,1,2,3,2,2,2.33,3,18.2,0,0,0,0,0,1,1,4,0,0,2,0,1,1,1,2,1,2,2,0,0,1,3,2,1,0.78,2,2,3.01,0,4.9,2.7,3.7,12.6,0,23.9,577
1,1,643,10,21.2,6213,3,1,0,0,0,0,0,0,1,0,1,0,0,1,0,0,0,1,0,1,0,0,1,0,0,0,0,0,0,0,0,0,0,0,1,0,1,1,1,1,0,1,0,1,0,0,0,1,0,0,0,1,0,1,0,0,1,0,0,0,0,0,1,0,0,59,2,925,7400,2,1,1,1,2,3,2,2,2.33,3,18.5,0,0,0,0,0,1,1,0,0,0,2,0,1,1,1,2,1,2,2,0,0,1,3,2,1,0.78,2,2,3.01,0,2.6,2.2,3.7,12.6,0,21.2,380
1,1,643,11,25.8,7561,1.5,4,0,1,1,1,0,1,0,0,1,0,0,1,0,1,0,0,0,1,0,0,1,0,0,0,0,1,0,0,0,0,1,0,0,0,1,0,0,0,0,1,0,0,1,0,0,1,0,0,0,1,0,1,0,0,1,0,0,0,0,0,1,0,0,60,2,1087,8696,3,2,2,1,2,3,2,2,2.33,3,21.74,0,0,0,0,0,1,1,4,0,0,2,0,0,0,0,2,1,2,2,0,0,1,3,2,1,0.78,2,2,3.01,0,3.6,3.4,4.4,14.3,0,25.8,791
1,1,643,12,21.8,6389,2,1,9000,0,0,0,0,1,0,0,1,0,0,1,0,0,1,0,0,1,0,0,1,0,0,0,0,0,1,0,0,0,1,0,1,0,1,0,0,1,0,1,0,0,1,0,0,0,1,0,0,1,0,1,0,0,1,0,0,0,0,0,1,0,0,61,2,925,7400,2,1,2,1,2,3,2,2,2.33,3,18.5,0,0,0,0,0,1,1,4,0,0,2,0,0,0,0,2,1,2,2,0,0,1,3,2,1,0.78,2,2,3.01,0,2.6,2.8,3.7,12.6,0,21.8,516
1,1,643,13,28.9,8470,21,3,30000,0,0,1,0,1,1,0,1,0,0,1,0,1,0,0,1,0,0,1,0,0,11,5,0,0,1,0,0,0,1,0,1,0,1,0,0,1,1,0,0,1,0,0,0,1,0,1,0,0,0,0,1,0,0,1,0,0,0,1,0,0,0,62,2,1235,9880,3,2,1,1,2,3,2,2,2.33,3,24.7,0,0,0,0,0,1,1,4,0,0,2,0,1,1,1,2,1,2,2,0,0,1,3,2,1,0.78,2,2,3.01,0,6.3,3.2,4.4,15,0,28.9,1669
1,1,643,14,28.9,8470,3,2,14400,0,0,1,0,1,0,0,0,1,0,1,0,0,0,1,0,1,0,0,1,0,0,14,0,1,0,0,0,0,1,0,1,1,1,1,0,0,0,1,0,1,0,0,0,0,1,1,0,0,0,1,0,0,1,0,0,0,0,1,0,0,0,62,2,1235,9880,3,2,1,1,2,3,2,2,2.33,3,24.7,0,0,0,0,0,1,1,4,0,0,2,0,1,1,1,2,1,2,2,0,0,1,3,2,1,0.78,2,2,3.01,0,6.3,3.2,4.4,15,0,28.9,730
1,1,643,15,25.9,7591,3,3,10728,0,0,2,0,1,0,1,0,0,1,0,0,0,0,1,1,0,0,1,0,0,0,0,0,0,1,0,0,0,1,0,0,0,1,1,0,1,0,1,0,1,0,0,0,1,0,0,0,1,0,1,0,0,1,0,0,1,0,0,1,0,0,59,2,1087,8696,3,2,1,1,2,3,2,2,2.33,3,21.74,0,0,0,0,0,1,1,0,0,0,2,0,1,1,1,2,1,2,2,0,0,1,3,2,1,0.78,2,2,3.01,0,4.5,2.7,4.4,14.3,0,25.9,632
1,1,643,16,25.8,7561,2,2,13000,0,0,1,0,1,0,0,1,0,0,1,0,0,1,0,0,1,0,0,1,0,0,0,0,0,1,0,0,0,0,1,0,0,1,0,0,1,0,1,0,0,1,0,0,1,0,0,1,0,0,1,0,0,1,0,0,0,0,0,1,0,0,60,2,1087,8696,3,2,2,1,2,3,2,2,2.33,3,21.74,0,0,0,0,0,1,1,4,0,0,2,0,0,0,0,2,1,2,2,0,0,1,3,2,1,0.78,2,2,3.01,0,3.6,3.4,4.4,14.3,0,25.8,643
1,1,643,17,23.9,7004,2,1,0,0,0,0,0,1,0,1,0,0,1,0,0,1,0,0,1,0,0,1,0,0,13,8,0,1,0,0,1,0,0,0,0,0,1,0,0,1,0,1,0,1,0,0,0,1,0,1,0,0,0,0,1,0,0,1,0,1,0,0,1,0,0,63,2,910,7280,2,2,1,1,2,3,2,2,2.33,3,18.5,0,0,0,0,0,1,1,4,0,0,2,0,1,1,1,2,1,2,2,0,0,1,3,2,1,0.78,2,2,3.01,0,4.9,2.7,3.7,12.6,0,23.9,813
1,1,643,18,23.9,7004,2.5,1,985,0,0,0,1,0,0,1,0,0,0,1,0,0,0,1,1,0,0,1,0,0,2,5,1,0,0,0,0,1,0,0,1,0,0,0,0,0,0,0,0,0,1,0,0,0,1,1,0,0,0,1,0,0,0,1,0,1,7,1,0,0,0,63,2,910,7280,2,2,1,1,2,3,2,2,2.33,3,18.2,0,0,0,0,0,1,1,4,0,0,2,0,1,1,1,2,1,2,2,0,0,1,3,2,1,0.78,2,2,3.01,0,4.9,2.7,3.7,12.6,0,23.9,1089
1,1,643,19,25.8,7561,1,2,18000,0,0,0,1,1,0,0,1,0,0,1,0,1,0,0,1,0,0,1,0,0,5,4,0,0,1,0,0,0,0,1,1,0,1,1,0,0,0,1,0,1,0,0,0,0,1,0,0,1,0,1,0,0,0,1,0,1,1,0,1,0,0,60,2,1087,8696,3,2,2,1,2,3,2,2,2.33,3,21.74,0,0,0,0,0,1,1,4,0,0,2,0,0,0,0,2,1,2,2,0,0,1,3,2,1,0.78,2,2,3.01,0,3.6,3.4,4.4,14.3,0,25.8,474
1,1,643,20,25.8,7561,7,1,30000,0,0,0,0,1,0,0,1,0,0,1,0,0,1,0,0,1,0,0,1,0,0,1,1,0,0,0,0,0,1,0,1,0,1,1,0,0,0,1,0,1,0,0,0,1,0,0,0,1,0,1,0,0,1,0,3,0,0,1,0,0,0,60,2,1087,8696,3,2,2,1,2,3,2,2,2.33,3,21.74,0,0,0,0,0,1,1,4,0,0,2,0,0,0,0,2,1,2,2,0,0,1,3,2,1,0.78,2,2,3.01,0,3.6,3.4,4.4,14.3,0,25.8,551
1,1,643,21,23.9,7004,2,2,21052,0,0,0,0,0,2,1,0,0,1,0,0,1,0,0,1,0,0,1,0,0,0,5,0,0,1,0,0,0,0,1,0,0,1,0,0,1,0,1,0,1,0,0,0,1,0,0,0,1,0,0,1,0,0,1,0,0,0,0,1,0,0,63,2,910,7280,2,2,1,1,2,3,2,2,2.33,3,18.2,0,0,0,0,0,1,1,4,0,0,2,0,1,1,1,2,1,2,2,0,0,1,3,2,1,0.78,2,2,3.01,0,4.9,2.7,3.7,12.6,0,23.9,798
1,1,643,22,21.2,6213,2,1,0,0,0,0,1,0,0,0,1,0,0,1,0,0,1,0,0,1,0,0,1,0,0,0,0,1,0,0,0,0,1,0,1,0,1,0,0,1,1,0,0,0,1,0,0,0,1,1,0,0,0,1,0,0,1,0,0,1,0,0,0,1,1,59,2,925,7400,2,1,1,1,2,3,2,2,2.33,3,18.5,0,0,0,0,0,1,1,0,0,0,2,0,1,1,1,2,1,2,2,0,0,1,3,2,1,0.78,2,2,3.01,0,2.6,2.2,3.7,12.6,0,21.2,555
1,1,643,23,21.7,6360,2,1,1578,0,0,0,0,1,0,1,0,0,1,0,0,1,0,0,1,0,0,1,0,0,2,15,0,0,1,0,0,0,0,1,1,0,1,0,0,1,0,1,0,1,0,0,0,1,0,0,0,1,0,1,0,0,1,0,0,0,2,1,0,0,0,61,2,925,7400,2,1,2,1,2,3,2,2,2.33,3,18.5,0,0,0,0,0,1,1,4,0,0,2,0,0,0,0,2,1,2,2,0,0,1,3,2,1,0.78,2,2,3.01,0,2.5,2.8,3.7,12.6,0,21.7,589
1,1,643,24,23.9,7004,6,1,8604,0,0,0,0,1,0,1,0,0,1,0,0,1,0,0,1,0,0,1,0,0,14,5,0,1,0,0,0,0,1,0,0,0,1,0,0,1,0,1,0,1,0,0,0,0,1,0,0,1,0,1,0,0,1,0,0,0,0,0,1,0,0,63,2,910,7280,2,2,1,1,2,3,2,2,2.33,3,18.2,0,0,0,0,0,1,1,4,0,0,2,0,1,1,1,2,1,2,2,0,0,1,3,2,1,0.78,2,2,3.01,0,4.9,2.7,3.7,12.6,0,23.9,554
1,1,643,25,21.7,6360,3,2,1800,0,0,0,0,2,0,0,1,0,0,1,0,0,1,0,0,1,0,0,1,0,0,0,1,0,0,0,0,1,0,0,0,1,0,0,0,0,0,1,0,0,1,0,0,1,0,0,1,0,0,1,0,0,1,0,0,0,0,1,0,0,0,61,2,925,7400,2,1,2,1,2,3,2,2,2.33,3,18.5,0,0,0,0,0,1,1,4,0,0,2,0,0,0,0,2,1,2,2,0,0,1,3,2,1,0.78,2,2,3.01,0,2.5,2.8,3.7,12.6,0,21.7,444
1,1,643,26,21.9,6418,2,3,17000,1,1,0,1,0,0,1,0,0,1,0,0,1,0,0,1,0,0,1,0,0,8,5,0,0,1,0,0,0,0,1,1,0,1,0,0,1,0,1,0,0,1,0,0,1,0,0,0,1,0,1,0,0,0,1,0,0,0,0,1,0,0,59,2,925,7400,2,1,1,1,2,3,2,2,2.33,3,18.5,0,0,0,0,0,1,1,4,0,0,2,0,1,1,1,2,1,2,2,0,0,1,3,2,1,0.78,2,2,3.01,0,3.3,2.3,3.7,12.6,0,21.9,523
1,1,643,27,23.9,7004,2,1,0,0,0,0,0,0,1,1,0,0,1,0,0,0,1,0,1,0,0,1,0,0,0,0,0,1,0,0,0,0,0,1,0,0,1,0,0,0,0,1,0,0,1,0,0,1,0,0,0,1,0,0,1,0,0,1,0,0,0,0,1,0,0,63,2,910,7280,2,2,1,1,2,3,2,2,2.33,3,18.2,0,0,0,0,0,1,1,4,0,0,2,0,1,1,1,2,1,2,2,0,0,1,3,2,1,0.78,2,2,3.01,0,4.9,2.7,3.7,12.6,0,23.9,691
1,1,643,28,23.9,7004,2,2,0,1,0,0,1,0,0,1,0,0,0,1,0,0,1,0,0,1,0,1,0,0,0,0,0,0,1,0,0,1,0,0,0,0,0,0,0,0,1,0,0,0,1,0,1,0,0,0,0,1,0,0,1,0,0,1,0,0,0,0,0,1,3,63,2,910,7280,2,2,1,1,2,3,2,2,2.33,3,18.2,0,0,0,0,0,1,1,4,0,0,2,0,1,1,1,2,1,2,2,0,0,1,3,2,1,0.78,2,2,3.01,0,4.9,2.7,3.7,12.6,0,23.9,538
1,1,643,29,21.8,6389,2,1,400,0,0,0,0,1,0,1,0,0,1,0,0,0,1,0,0,1,0,0,1,0,0,0,1,0,0,0,0,0,0,1,0,0,0,0,0,0,0,1,0,0,1,0,0,1,0,1,0,0,0,1,0,0,0,0,0,1,0,1,0,0,0,61,2,925,7400,2,1,2,1,2,3,2,2,2.33,3,18.5,0,0,0,0,0,1,1,4,0,0,2,0,0,0,0,2,1,2,2,0,0,1,3,2,1,0.78,2,2,3.01,0,2.6,2.8,3.7,12.6,0,21.8,479
1,1,643,30,23.9,7004,3,1,1869,0,0,0,0,1,0,0,1,0,0,1,0,0,0,1,1,0,0,1,0,0,1,0,0,0,1,0,0,0,1,0,0,0,0,0,0,1,0,1,0,1,0,0,0,1,0,0,0,1,0,0,1,0,0,1,0,1,0,0,0,1,0,63,2,910,7280,2,2,1,1,2,3,2,2,2.33,3,18.5,0,0,0,0,0,1,1,4,0,0,2,0,1,1,1,2,1,2,2,0,0,1,3,2,1,0.78,2,2,3.01,0,4.9,2.7,3.7,12.6,0,23.9,775
1,1,643,31,25.9,7591,2,1,9000,0,0,0,0,0,1,0,1,0,0,1,0,1,0,0,0,1,0,1,0,0,0,0,0,0,1,0,0,0,0,1,0,0,0,0,0,0,0,1,0,0,1,0,0,1,0,0,0,1,0,0,1,0,0,1,0,0,0,0,1,0,0,59,2,1087,8696,3,2,1,1,2,3,2,2,2.33,3,21.74,0,0,0,0,0,1,1,0,0,0,2,0,1,1,1,2,1,2,2,0,0,1,3,2,1,0.78,2,2,3.01,0,4.5,2.7,4.4,14.3,0,25.9,679
1,1,643,32,21.3,6242,2,1,19200,0,0,0,0,1,0,0,1,0,0,1,0,0,1,0,0,1,0,0,1,0,0,0,0,1,0,0,0,0,1,0,1,0,1,0,0,0,0,1,0,0,1,0,0,1,0,0,0,1,0,1,0,0,1,0,0,0,0,1,0,0,0,59,2,925,7400,2,1,1,1,2,3,2,2,2.33,3,18.5,0,0,0,0,0,1,1,0,0,0,2,0,1,1,1,2,1,2,2,0,0,1,3,2,1,0.78,2,2,3.01,0,2.7,2.2,3.7,12.6,0,21.3,693
1,1,360,1,19.1,5598,9,1,881,0,0,0,0,0,1,1,0,0,1,0,0,1,0,0,1,0,0,1,0,0,0,0,0,0,1,0,0,1,0,0,1,0,1,0,0,1,0,1,0,1,0,0,1,0,0,0,0,1,0,0,1,0,0,1,0,0,0,0,0,1,2,66,2,612,4896,1,2,1,1,2,3,2,2,2.4,2,26.32,0,0,0,0,0,1,1,4,0,0,3,0,1,0,1,1,1,3,3,0,0,1,3,2,1,0.75,2,2,3.01,0,3.8,2.1,2.8,10.3,0,19.1,365
1,1,360,4,19,5568,14.167,1,0,0,0,0,0,0,1,1,0,0,1,0,0,0,1,0,0,1,0,1,0,0,0,0,0,0,1,0,0,0,1,0,0,0,0,0,0,1,0,1,0,0,1,0,0,1,0,0,0,1,0,0,1,0,0,1,0,0,0,1,0,0,0,66,2,612,4896,1,2,1,1,2,3,2,2,2.4,2,26.32,0,0,0,0,0,1,1,4,0,0,3,0,1,0,1,1,1,3,3,0,0,1,3,2,1,0.75,2,2,3.01,0,3.7,2.2,2.8,10.3,0,19,453
1,1,360,5,19.1,5598,9.833,1,9948,0,0,0,0,0,1,1,0,0,1,0,0,1,0,0,1,0,0,1,0,0,8,1,0,0,1,0,0,0,1,0,0,0,0,1,0,1,0,1,0,1,0,0,0,1,0,0,0,1,0,1,0,0,1,0,4,0,0,1,0,0,0,66,2,612,4896,1,2,1,1,2,3,2,2,2.4,2,26.32,0,0,0,0,0,1,1,4,0,0,3,0,1,0,1,1,1,3,3,0,0,1,3,2,1,0.75,2,2,3.01,0,3.8,2.1,2.8,10.3,0,19.1,376
1,1,360,7,19.1,5598,8,1,940,0,0,0,0,0,1,1,0,0,1,0,0,1,0,0,1,0,0,1,0,0,0,0,0,1,0,0,0,1,0,0,0,0,0,0,0,1,0,1,0,0,1,0,0,1,0,0,0,1,0,1,0,0,1,0,0,1,0,0,0,1,6,66,2,612,4896,1,2,1,1,2,3,2,2,2.4,2,26.32,0,0,0,0,0,1,1,4,0,0,3,0,1,0,1,1,1,3,3,0,0,1,3,2,1,0.75,2,2,3.01,0,3.8,2.1,2.8,10.3,0,19.1,269
1,1,360,8,19.1,5598,0,1,0,0,0,0,0,0,1,1,0,0,1,0,0,1,0,0,1,0,0,1,0,0,8,0,0,0,1,0,0,0,1,0,0,0,0,0,0,1,0,1,0,1,0,0,0,1,0,0,0,1,0,1,0,0,1,0,0,0,0,1,0,0,0,66,2,612,4896,1,2,1,1,2,3,2,2,2.4,2,26.32,0,0,0,0,0,1,1,4,0,0,3,0,1,0,1,1,1,3,3,0,0,1,3,2,1,0.75,2,2,3.01,0,3.8,2.1,2.8,10.3,0,19.1,366
1,1,360,9,19,5568,10,1,14445.6,0,0,0,0,0,1,0,1,0,0,1,0,0,1,0,1,0,0,1,0,0,1,0,0,0,0,1,0,1,0,0,1,0,1,1,0,0,0,1,0,1,0,0,0,0,1,0,0,1,0,0,1,0,0,1,0,0,0,1,0,0,0,66,2,612,4896,1,2,1,1,2,3,2,2,2.4,2,26.32,0,0,0,0,0,1,1,4,0,0,3,0,1,0,1,1,1,3,3,0,0,1,3,2,1,0.75,2,2,3.01,0,3.7,2.2,2.8,10.3,0,19,343
1,1,360,10,19,5568,11.5,1,12700,0,0,0,0,0,1,1,0,0,1,0,0,1,0,0,1,0,0,1,0,0,0,0,0,0,0,1,0,1,0,0,0,0,0,0,0,0,0,1,0,1,0,0,0,1,0,0,0,1,0,0,1,0,0,1,0,0,0,0,1,0,0,66,2,612,4896,1,2,1,1,2,3,2,2,2.4,2,26.32,0,0,0,0,0,1,1,4,0,0,3,0,1,0,1,1,1,3,3,0,0,1,3,2,1,0.75,2,2,3.01,0,3.7,2.2,2.8,10.3,0,19,279
1,1,360,11,19.1,5598,7,1,12108,0,0,0,0,0,1,1,0,0,1,0,0,1,0,0,0,1,0,1,0,0,0,0,0,1,0,0,0,0,1,0,0,0,0,0,0,0,0,1,0,0,1,0,0,1,0,0,0,1,0,1,0,0,1,0,0,0,0,1,0,0,0,66,2,612,4896,1,2,1,1,2,3,2,2,2.4,2,26.32,0,0,0,0,0,1,1,4,0,0,3,0,1,0,1,1,1,3,3,0,0,1,3,2,1,0.75,2,2,3.01,0,3.8,2.1,2.8,10.3,0,19.1,355
1,1,360,13,19.1,5598,2,1,0,0,0,0,0,1,0,1,0,0,1,0,0,1,0,0,1,0,0,1,0,0,0,0,0,0,1,0,0,0,0,1,0,0,0,0,0,1,1,0,0,0,0,1,0,1,0,0,0,1,0,1,0,1,0,0,1,0,0,1,0,0,0,66,2,612,4896,1,2,1,1,2,3,2,2,2.4,2,26.32,0,0,0,0,0,1,1,4,0,0,3,0,1,0,1,1,1,3,3,0,0,1,3,2,1,0.75,2,2,3.01,0,3.8,2.1,2.8,10.3,0,19.1,315
1,1,360,14,19,5568,9,1,0,0,0,0,0,0,1,0,1,0,0,1,0,0,1,0,0,1,0,0,1,0,0,0,0,0,1,0,0,0,1,0,0,0,0,0,0,1,0,1,0,1,0,0,0,1,0,0,0,1,0,0,1,0,0,1,0,0,0,1,0,0,0,66,2,612,4896,1,2,1,1,2,3,2,2,2.4,2,26.32,0,0,0,0,0,1,1,4,0,0,3,0,1,0,1,1,1,3,3,0,0,1,3,2,1,0.75,2,2,3.01,0,3.7,2.2,2.8,10.3,0,19,349
1,1,360,15,19.1,5598,0.5,2,8880,0,0,0,0,0,1,1,0,0,1,0,0,0,1,0,0,1,0,1,0,0,1,1,0,1,0,0,0,1,0,0,0,0,0,0,0,0,0,1,0,1,0,0,0,0,1,0,0,1,0,1,0,0,1,0,0,0,7,1,0,0,0,66,2,612,4896,1,2,1,1,2,3,2,2,2.4,2,26.32,0,0,0,0,0,1,1,4,0,0,3,0,1,0,1,1,1,3,3,0,0,1,3,2,1,0.75,2,2,3.01,0,3.8,2.1,2.8,10.3,0,19.1,433
1,1,360,16,19,5568,7,1,10332,0,0,0,0,1,0,1,0,0,1,0,0,1,0,0,1,0,0,1,0,0,0,0,0,1,0,0,0,0,1,0,0,0,0,0,0,1,1,0,0,1,0,0,0,1,0,0,0,1,0,0,1,0,0,1,0,0,0,1,0,0,0,66,2,612,4896,1,2,1,1,2,3,2,2,2.4,2,26.32,0,0,0,0,0,1,1,4,0,0,3,0,1,0,1,1,1,3,3,0,0,1,3,2,1,0.75,2,2,3.01,0,3.7,2.2,2.8,10.3,0,19,251
1,1,360,17,19.1,5598,5,1,12780,0,0,0,0,0,1,1,0,0,0,0,0,1,0,0,1,0,0,1,0,0,0,0,0,0,0,1,0,0,0,1,1,0,1,0,0,1,1,0,0,0,0,1,0,1,0,0,0,1,0,0,1,0,0,1,0,0,0,1,0,0,0,66,2,612,4896,1,2,1,1,2,3,2,2,2.4,2,26.32,0,0,0,0,0,1,1,4,0,0,3,0,1,0,1,1,1,3,3,0,0,1,3,2,1,0.75,2,2,3.01,0,3.8,2.1,2.8,10.3,0,19.1,441
1,1,360,18,19.1,5598,12.75,1,0,0,0,0,0,0,1,1,0,0,1,0,0,1,0,0,1,0,0,1,0,0,0,0,0,0,1,0,0,0,1,0,0,0,0,0,0,0,0,0,0,1,0,0,1,0,0,0,0,0,0,0,1,0,0,1,0,0,0,0,0,0,0,66,2,612,4896,1,2,1,1,2,3,2,2,2.4,2,26.32,0,0,0,0,0,1,1,4,0,0,3,0,1,0,1,1,1,3,3,0,0,1,3,2,1,0.75,2,2,3.01,0,3.8,2.1,2.8,10.3,0,19.1,330
1,1,360,19,19,5568,2,1,0,0,0,0,0,0,1,1,0,0,1,0,0,1,0,0,1,0,0,1,0,0,1,0,0,1,0,0,0,0,1,0,0,0,1,0,0,1,0,1,0,1,0,0,0,1,0,0,0,1,0,1,0,0,1,0,0,0,0,1,0,0,0,66,2,612,4896,1,2,1,1,2,3,2,2,2.4,2,26.32,0,0,0,0,0,1,1,4,0,0,3,0,1,0,1,1,1,3,3,0,0,1,3,2,1,0.75,2,2,3.01,0,3.7,2.2,2.8,10.3,0,19,406
1,1,360,20,19.1,5598,4,1,9600,0,0,0,1,0,0,0,1,0,1,0,0,0,1,0,1,0,0,0,1,0,8,6,0,1,0,0,0,1,0,0,0,0,0,0,0,1,0,1,0,0,0,1,0,0,1,0,0,1,0,0,1,0,0,1,0,0,0,0,1,0,0,66,2,612,4896,1,2,1,1,2,3,2,2,2.4,2,26.32,0,0,0,0,0,1,1,4,0,0,3,0,1,0,1,1,1,3,3,0,0,1,3,2,1,0.75,2,2,3.01,0,3.8,2.1,2.8,10.3,0,19.1,484
1,1,360,21,19.1,5598,7,1,7000,0,0,0,0,0,1,1,0,0,1,0,0,1,0,0,1,0,0,1,0,0,0,0,0,0,1,0,0,0,1,0,0,0,0,0,0,1,1,0,0,0,1,0,0,1,0,0,0,1,0,0,1,0,0,1,0,0,0,0,1,0,4,66,2,612,4896,1,2,1,1,2,3,2,2,2.4,2,26.32,0,0,0,0,0,1,1,4,0,0,3,0,1,0,1,1,1,3,3,0,0,1,3,2,1,0.75,2,2,3.01,0,3.8,2.1,2.8,10.3,0,19.1,297
0,1,720,3,25.4,7444,3,2,0,0,0,0,0,2,0,1,0,0,1,0,0,0,0,1,0,1,0,1,0,0,0,0,0,0,1,0,0,0,0,1,0,0,0,1,0,0,0,1,0,0,1,0,0,0,1,1,0,0,1,0,0,0,1,0,0,1,0,1,0,0,0,63,2,841,6728,1,2,3,1,2,3,2,2,2.35,2,4.2,3,0,0,21,0,1,1,0,0,0,3,1,1,0,1,2,1,1,1,0,0,1,2,2,3,0.78,2,2,2.67,0,7.6,1.4,3,13.4,0,25.4,764
0,1,720,4,25.4,7444,0.583,2,0,0,0,0,0,0,2,1,0,0,1,0,0,0,1,0,0,1,0,1,0,0,1,10,0,1,0,0,0,0,1,0,0,0,0,1,0,1,0,1,0,0,1,0,0,0,1,1,0,0,1,0,0,1,0,0,0,1,1,0,1,0,0,63,2,841,6728,1,2,3,1,2,3,2,2,2.35,2,4.2,3,0,0,21,0,1,1,0,0,0,3,1,1,0,1,2,1,1,1,0,0,1,2,2,3,0.78,2,2,2.67,0,7.6,1.4,3,13.4,0,25.4,1066
0,1,720,5,25.4,7444,3,2,12000,0,0,0,1,0,1,0,1,0,0,1,0,1,0,0,0,1,0,0,1,0,0,0,0,0,1,0,0,1,0,0,0,0,1,0,0,0,0,1,0,1,0,0,0,0,1,1,0,0,0,1,0,0,1,0,0,0,0,0,1,0,0,63,2,841,6728,1,2,3,1,2,3,2,2,2.35,2,4.2,3,0,0,21,0,1,1,0,0,0,3,1,1,0,1,2,1,1,1,0,0,1,2,2,3,0.78,2,2,2.67,0,7.6,1.4,3,13.4,0,25.4,830
0,1,720,6,25.8,7561,3,1,10800,0,0,0,0,1,0,1,0,0,1,0,0,1,0,0,1,0,0,1,0,0,11,0,0,0,1,0,0,0,1,0,0,0,0,0,0,0,0,1,0,0,1,0,0,1,0,1,0,0,0,0,1,0,0,1,0,0,0,1,0,0,0,62,2,912,7296,1,6,3,1,2,3,2,2,2.35,2,4.2,3,0,0,21,0,1,1,4,0,0,3,1,1,0,1,2,1,1,1,0,0,1,2,2,3,0.78,2,2,2.67,0,7.9,1.3,3,13.7,0,25.8,512
0,1,720,7,25.4,7444,3,3,15072,1,0,0,1,0,1,1,0,0,1,0,0,1,0,0,1,0,0,1,0,0,5,10,0,0,1,0,0,0,1,0,0,0,1,0,0,1,1,0,0,0,0,1,1,0,0,1,0,0,0,1,0,0,1,0,0,1,3,0,1,0,1,63,2,841,6728,1,2,3,1,2,3,2,2,2.35,2,4.2,3,0,0,21,0,1,1,0,0,0,3,1,1,0,1,2,1,1,1,0,0,1,2,2,3,0.78,2,2,2.67,0,7.6,1.4,3,13.4,0,25.4,760
0,1,720,8,25.8,7561,3.5,1,8760,0,0,0,0,0,1,1,0,0,1,0,0,1,0,0,1,0,0,1,0,0,6,0,0,1,0,0,0,1,0,0,1,0,1,0,0,0,0,1,0,0,1,0,1,0,0,1,0,0,1,0,0,0,0,1,0,0,0,1,0,0,0,62,2,912,7296,1,6,3,1,2,3,2,2,2.35,2,4.2,3,0,0,21,0,1,1,4,0,0,3,1,1,0,1,2,1,1,1,0,0,1,2,2,3,0.78,2,2,2.67,0,7.9,1.3,3,13.7,0,25.8,518
0,1,720,9,25.4,7444,3,2,1200,1,0,0,1,0,0,1,0,0,1,0,0,1,0,0,1,0,0,1,0,0,3,0,0,1,0,0,0,0,1,0,1,0,1,0,0,1,0,1,0,0,1,0,0,0,1,1,0,0,0,1,0,0,1,0,0,1,7,0,0,1,2,63,2,841,6728,1,2,3,1,2,3,2,2,2.35,2,4.2,3,0,0,21,0,1,1,0,0,0,3,1,1,0,1,2,1,1,1,0,0,1,2,2,3,0.78,2,2,2.67,0,7.6,1.4,3,13.4,0,25.4,618
0,1,720,10,27.4,8030,3,2,13224,0,0,0,0,2,0,1,0,0,1,0,0,1,0,0,1,0,0,1,0,0,1,0,0,1,0,0,0,1,0,0,0,0,0,0,0,1,0,1,0,1,0,0,1,0,0,1,0,0,0,0,1,0,0,1,0,0,0,0,1,0,0,61,2,1204,9632,2,2,2,1,2,3,2,2,2.35,2,4.2,3,0,0,21,0,1,1,4,0,0,3,0,0,0,0,2,1,1,1,0,0,1,2,2,3,0.78,2,2,2.67,0,4.9,2.3,3.8,16.4,0,27.4,538
0,1,720,11,27.4,8030,3,1,8928,0,0,0,0,0,1,1,0,0,1,0,0,1,0,0,1,0,0,1,0,0,1,10,0,0,1,0,0,0,1,0,0,0,0,0,0,1,0,1,0,1,0,0,0,0,1,1,0,0,0,0,1,0,0,1,0,0,0,0,1,0,0,61,2,1204,9632,2,2,2,1,2,3,2,2,2.35,2,4.2,3,0,0,21,0,1,1,4,0,0,3,0,0,0,0,2,1,1,1,0,0,1,2,2,3,0.78,2,2,2.67,0,4.9,2.3,3.8,16.4,0,27.4,566
0,1,720,12,25.8,7561,2.75,1,12000,0,0,0,0,1,0,1,0,0,1,0,0,1,0,0,1,0,0,1,0,0,1,7,0,0,1,0,0,0,1,0,0,0,1,0,0,1,1,0,0,0,1,0,0,0,1,1,0,0,0,0,1,0,0,1,0,1,1,0,0,0,0,62,2,912,7296,1,6,3,1,2,3,2,2,2.35,2,4.2,3,0,0,21,0,1,1,4,0,0,3,1,1,0,1,2,1,1,1,0,0,1,2,2,3,0.78,2,2,2.67,0,7.9,1.3,3,13.7,0,25.8,664
0,1,720,13,25.8,7561,2.5,1,944,0,0,0,0,0,1,1,0,0,1,0,0,1,0,0,1,0,0,1,0,0,0,0,0,0,1,0,0,0,0,1,1,0,0,1,0,1,0,1,0,0,1,0,1,0,0,1,0,0,0,1,0,1,0,0,0,0,0,1,0,0,0,62,2,912,7296,1,6,3,1,2,3,2,2,2.35,2,4.2,3,0,0,21,0,1,1,4,0,0,3,1,1,0,1,2,1,1,1,0,0,1,2,2,3,0.78,2,2,2.67,0,7.9,1.3,3,13.7,0,25.8,736
0,1,720,14,25.4,7444,3,1,7000,0,0,0,0,0,1,0,1,0,1,0,0,1,0,0,1,0,0,1,0,0,3,12,0,1,0,0,0,1,0,0,0,0,0,0,0,1,1,0,0,0,1,0,0,0,1,1,0,0,0,1,0,0,1,0,0,0,0,0,0,1,5,63,2,841,6728,1,2,3,1,2,3,2,2,2.35,2,4.2,3,0,0,21,0,1,1,0,0,0,3,1,1,0,1,2,1,1,1,0,0,1,2,2,3,0.78,2,2,2.67,0,7.6,1.4,3,13.4,0,25.4,952
0,1,720,15,27.4,8030,1.5,2,1082,0,0,0,0,2,0,1,0,0,1,0,0,1,0,0,1,0,0,1,0,0,4,0,0,1,0,0,0,1,0,0,1,1,0,0,0,1,0,1,0,0,1,0,0,0,1,1,0,0,0,0,1,0,0,1,0,0,0,1,0,0,0,61,2,1204,9632,2,2,2,1,2,3,2,2,2.35,2,4.2,3,0,0,21,0,1,1,4,0,0,3,0,0,0,0,2,1,1,1,0,0,1,2,2,3,0.78,2,2,2.67,0,4.9,2.3,3.8,16.4,0,27.4,831
0,1,1054,1,31.9,9349,3,3,25550,0,0,1,0,1,1,1,0,0,1,0,0,0,0,1,0,1,0,1,0,0,0,5,0,0,1,0,0,0,1,0,1,0,0,1,0,0,0,1,0,0,1,0,0,0,1,1,0,0,0,0,1,0,0,1,0,0,0,1,0,0,0,87,2,1104,8832,2,2,2,1,2,1,1,2,0.92,2,15.2,0,0,0,0,0,0,0,4,0,0,2,0,0,0,0,2,1,1,1,0,0,1,2,0,1,0.67,2,2,2.67,0,3.2,4.4,9.2,15.1,0,31.9,711
0,1,1054,2,31.1,9114,0.833,1,9600,0,0,0,0,1,0,1,0,0,1,0,0,0,1,0,1,0,0,1,0,0,8,4,0,0,1,0,0,0,1,0,0,0,0,0,0,0,0,0,0,0,1,0,0,1,0,1,0,0,0,0,1,0,0,1,0,0,0,0,0,1,2,84,2,1104,8832,2,2,1,1,2,1,1,2,0.92,2,15.2,0,0,0,0,0,0,0,0,0,0,2,0,1,1,0,1,1,1,1,0,0,1,2,0,1,0.67,2,2,2.67,0,2.9,3.9,9.2,15.1,0,31.1,875
0,1,1054,3,31.1,9114,1,3,0,2,0,0,0,1,0,1,0,0,1,0,0,1,0,0,1,0,0,1,0,0,5,0,0,1,0,0,0,1,0,0,1,1,1,1,0,0,0,1,0,0,1,0,0,1,0,1,0,0,0,1,0,0,1,0,0,0,0,0,1,0,0,84,2,1104,8832,2,2,1,1,2,1,1,2,0.92,2,15.2,0,0,0,0,0,0,0,0,0,0,2,0,1,1,0,1,1,1,1,0,0,1,2,0,1,0.67,2,2,2.67,0,2.9,3.9,9.2,15.1,0,31.1,933
0,1,1054,4,35.2,10316,0,2,25000,0,0,0,2,0,0,1,0,0,1,0,0,1,0,0,0,1,0,1,0,0,0,0,0,0,1,0,0,1,0,0,1,0,0,0,0,0,1,0,0,1,0,0,0,1,0,1,0,0,1,0,0,1,0,0,0,1,0,1,0,0,0,82,2,1299,10392,3,2,2,1,2,1,1,2,0.92,2,15.72,0,0,0,0,0,0,0,0,0,0,2,0,0,0,0,2,1,1,1,0,0,1,2,0,1,0.67,2,2,2.67,0,2.6,4.3,11.2,17.1,0,35.2,1485
0,1,1054,7,30.4,8909,0.917,2,21000,0,0,1,0,1,0,1,0,0,1,0,0,0,1,0,0,1,0,1,0,0,14,0,0,0,1,0,0,0,0,1,1,0,0,0,0,0,1,0,0,1,0,0,0,1,0,1,0,0,1,0,0,1,0,0,0,1,0,1,0,0,0,83,2,1104,8832,2,2,2,1,2,1,1,2,0.92,2,15.2,0,0,0,0,0,0,0,0,0,0,2,0,0,0,0,2,1,1,1,0,0,1,2,0,1,0.67,2,2,2.67,0,2.3,3.8,9.2,15.1,0,30.4,1099
0,1,1054,8,36.1,10580,1,4,0,0,0,1,2,0,1,0,1,0,0,1,0,0,1,0,0,1,0,0,0,1,0,17,0,0,1,0,0,0,1,0,1,0,1,0,0,1,0,0,0,1,1,0,0,0,1,1,0,0,0,1,0,0,1,0,0,1,0,0,0,1,2,83,2,1299,10392,3,2,1,1,2,1,1,2,0.92,2,15.72,0,0,0,0,0,0,0,0,0,0,2,0,1,1,0,2,1,1,1,0,0,1,2,0,1,0.67,2,2,2.67,0,3.4,4.4,11.2,17.1,0,36.1,1657
0,1,1054,9,31.1,9114,1,1,12000,0,0,0,1,0,0,1,0,0,1,0,0,1,0,0,1,0,0,1,0,0,0,0,0,0,1,0,0,0,1,0,1,1,1,1,0,0,0,1,0,0,0,1,0,1,0,1,0,0,1,0,0,1,0,0,0,1,0,0,0,0,3,84,2,1104,8832,2,2,1,1,2,1,1,2,0.92,2,15.2,0,0,0,0,0,0,0,0,0,0,2,0,1,1,0,2,1,1,1,0,0,1,2,0,1,0.67,2,2,2.67,0,2.9,3.9,9.2,15.1,0,31.1,933
0,0,700,2,25.2,7385,2,3,65000,1,0,0,0,2,0,1,0,0,1,0,0,1,0,0,1,0,0,1,0,0,4,0,0,1,0,0,0,0,0,1,1,1,1,1,1,1,1,0,0,0,1,0,1,0,0,1,0,0,0,1,0,0,1,0,0,1,1,1,0,0,0,57,2,1114,8912,2,5,1,1,2,3,2,2,2.4,2,21,4,0,0,0,34,1,1,4,0,0,2,0,1,2,1,2,1,0,0,2,2,1,3,2,3,0.76,2,2,3.1,0,4.5,2.8,4.1,13.9,0,25.2,686
0,0,700,3,25.4,7444,1,1,0,0,0,0,0,1,0,1,0,0,1,0,0,0,0,1,0,1,0,0,1,0,0,0,0,1,0,0,0,1,0,0,0,0,1,0,0,0,0,1,0,1,0,0,0,1,0,1,0,0,0,1,0,0,0,1,0,1,0,0,0,1,6,55,2,1191,9528,2,5,1,1,2,3,2,2,2.4,2,19,4,0,0,0,35,1,1,4,0,0,2,0,1,2,1,2,1,0,0,2,2,1,3,2,3,0.76,2,2,3.1,0,4.4,2.7,4.1,14.3,0,25.4,599
0,0,700,4,27.5,8059,1,6,0,1,2,1,0,2,0,1,0,0,1,0,0,0,1,0,0,1,0,1,0,0,0,0,0,1,0,0,0,0,1,0,0,0,0,1,0,1,0,1,0,0,1,0,1,0,0,1,0,0,0,1,0,0,1,0,0,0,0,0,1,0,0,54,2,1567,12536,3,5,1,1,2,3,2,2,2.4,2,21,4,0,0,0,46,1,1,4,0,0,2,0,1,2,1,2,1,0,0,3,3,1,3,2,3,0.76,2,2,3.1,0,3.3,2.9,4.7,16.6,0,27.5,891
0,0,700,5,25.3,7415,1,1,14000,0,0,0,0,1,0,1,0,0,1,0,0,1,0,0,1,0,0,1,0,0,3,5,0,1,0,0,0,1,0,0,1,1,1,0,0,0,0,0,0,0,0,1,0,0,1,1,0,0,0,1,0,0,0,1,0,0,0,1,0,0,0,55,2,1191,9528,2,5,1,1,2,3,2,2,2.4,2,10,4,0,0,0,35,1,1,4,0,0,2,0,1,2,1,2,1,0,0,1,1,1,3,2,3,0.76,2,2,3.1,0,4.3,2.6,4.1,14.3,0,25.3,801
0,0,700,6,27.6,8089,1.5,4,30000,0,0,1,0,2,1,1,0,0,1,0,0,1,0,0,0,1,0,1,0,0,0,7,0,1,0,0,0,1,0,0,1,0,0,0,1,1,1,0,0,1,0,0,0,0,1,1,0,0,0,0,1,0,1,0,0,0,0,1,0,0,0,54,2,1567,12536,3,5,1,1,2,3,2,2,2.4,2,18,4,0,0,0,46,1,1,4,0,0,2,0,1,2,1,2,1,0,0,4,4,1,3,2,3,0.76,2,2,3.1,0,3.5,2.9,4.7,16.6,0,27.6,830
0,0,700,7,25.4,7444,0.67,1,1251,0,0,0,1,0,0,1,0,0,1,0,0,1,0,0,1,0,0,1,0,0,1,15,1,0,0,0,0,0,1,0,0,0,0,0,0,0,1,0,0,0,1,0,1,0,0,1,0,0,0,0,1,0,1,0,0,0,0,1,0,0,0,55,2,1191,9528,2,5,1,1,2,3,2,2,2.4,2,10,4,0,0,0,35,1,1,4,0,0,2,0,1,2,1,2,1,0,0,2,2,1,3,2,3,0.76,2,2,3.1,0,4.4,2.6,4.1,14.3,0,25.4,492
0,0,700,8,25.2,7385,1.58,3,14400,1,0,0,2,0,0,1,0,0,1,0,0,0,0,1,0,0,1,1,0,0,15,0,0,1,0,0,0,0,1,0,0,0,1,0,0,0,0,1,0,0,1,0,1,0,0,1,0,0,0,1,0,0,0,1,0,1,4,1,0,0,0,57,2,1114,8912,2,5,1,1,2,3,2,2,2.4,2,13,4,0,0,0,35,1,1,4,0,0,2,0,1,2,1,2,1,0,0,3,3,1,3,2,3,0.76,2,2,3.1,0,4.4,2.8,4.1,13.9,0,25.2,431
0,0,700,9,25.2,7385,1.5,2,2794.33,0,0,0,0,1,1,1,0,0,0,1,0,1,0,0,1,0,0,1,0,0,0,3,0,0,1,0,0,1,0,0,1,0,0,0,0,0,0,1,0,0,1,0,0,0,1,1,0,0,0,0,1,0,0,1,0,1,0,0,1,0,0,57,2,1114,8912,2,5,1,1,2,3,2,2,2.4,2,21,4,0,0,0,34,1,1,4,0,0,2,0,1,2,1,2,1,0,0,2,2,1,3,2,3,0.76,2,2,3.1,0,4.5,2.7,4.1,13.9,0,25.2,776
0,0,700,10,27.4,8030,2,3,0,0,0,2,0,1,0,1,0,0,1,0,0,0,1,0,1,0,0,1,0,0,15,9,0,1,0,0,0,0,0,1,0,0,1,0,0,0,0,1,0,0,1,0,0,0,1,1,0,0,0,1,0,1,0,0,0,1,1,1,0,0,0,54,2,1567,12536,3,5,1,1,2,3,2,2,2.4,2,27,4,0,0,0,46,1,1,4,0,0,2,0,1,2,1,2,1,0,0,2,2,1,3,2,3,0.76,2,2,3.1,0,3.2,2.9,4.7,16.6,0,27.4,972
0,0,700,11,25.1,7356,1.5,1,0,0,0,0,0,1,0,0,1,0,0,0,0,0,0,0,0,0,0,0,0,0,1,15,0,0,1,0,0,0,1,0,0,0,0,0,1,0,1,0,0,1,0,0,0,1,0,1,0,0,0,1,0,0,0,1,0,1,0,1,0,0,0,57,2,1114,8912,2,5,1,1,2,3,2,2,2.4,2,17,4,0,0,0,34,1,1,4,0,0,2,0,1,2,1,2,1,0,0,1,1,1,3,2,3,0.76,2,2,3.1,0,4.4,2.7,4.1,13.9,0,25.1,515
0,0,700,12,25.1,7356,1.5,1,8400,0,0,0,0,0,1,1,0,0,1,0,0,1,0,0,1,0,0,1,0,0,8,1,0,0,0,0,0,0,0,0,1,1,1,1,0,0,1,0,0,1,0,0,0,1,0,1,0,0,0,0,1,0,0,1,0,1,3,1,0,0,0,57,2,1114,8912,2,5,1,1,2,3,2,2,2.4,2,17,4,0,0,0,35,1,1,4,0,0,2,0,1,2,1,2,1,0,0,2,2,1,3,2,3,0.76,2,2,3.1,0,4.3,2.8,4.1,13.9,0,25.1,515
0,0,700,14,25.4,7444,1.5,1,29639,0,0,0,0,0,1,1,0,0,1,0,0,1,0,0,1,0,0,1,0,0,0,0,0,1,0,0,0,1,0,0,1,0,1,0,0,0,0,1,0,1,0,0,0,1,0,1,0,0,0,1,0,0,1,0,0,1,7,1,0,0,0,55,2,1191,9528,2,5,1,1,2,3,2,2,2.4,2,11,4,0,0,0,35,1,1,4,0,0,2,0,1,2,1,2,1,0,0,3,3,1,3,2,3,0.76,2,2,3.1,0,4.4,2.6,4.1,14.3,0,25.4,551
0,0,700,15,25.2,7385,2,2,24263,0,0,0,0,0,2,1,0,0,0,1,0,0,1,0,1,0,0,1,0,0,0,6,0,0,1,0,0,0,1,0,0,0,1,0,0,1,0,1,0,0,1,0,1,0,0,1,0,0,0,1,0,0,0,1,0,1,7,1,0,0,0,57,2,1114,8912,2,5,1,1,2,3,2,2,2.4,2,16,4,0,0,0,34,1,1,4,0,0,2,0,1,2,1,2,1,0,0,3,3,1,3,2,3,0.76,2,2,3.1,0,4.4,2.7,4.1,13.9,0,25.2,1042
0,0,700,16,25.1,7356,1.5,1,10800,0,0,0,0,0,1,1,0,0,1,0,0,1,0,0,1,0,0,1,0,0,0,0,0,1,0,0,0,0,1,0,0,0,0,0,1,0,1,0,0,1,0,0,0,1,0,1,0,0,0,0,1,0,0,1,0,1,7,1,0,0,0,57,2,1114,8912,2,5,1,1,2,3,2,2,2.4,2,18,4,0,0,0,35,1,1,4,0,0,2,0,1,2,1,2,1,0,0,1,1,1,3,2,3,0.76,2,2,3.1,0,4.3,2.8,4.1,13.9,0,25.1,489
0,1,230,3,44.2,12954,3.25,1,18,0,0,0,0,1,0,1,0,0,0,1,0,0,0,1,1,0,0,1,0,0,0,0,0,0,0,0,0,0,0,0,0,0,0,0,0,0,0,0,0,1,0,0,0,1,0,0,0,1,0,1,0,0,1,0,0,1,0,1,0,0,0,83,2,931,8928,2,2,2,1,2,3,1,1,0.59,2,29.8,2,0,83,0,0,1,1,0,0,0,2,0,0,0,0,2,2,1,1,0,0,1,3,0,1,0.76,2,2,2.67,0,9.8,2.9,16.2,15.3,0,44.2,121
0,1,230,1,45.4,13305,0.58,3,7000,1,1,0,0,1,0,0,1,0,1,0,0,1,0,0,1,0,0,1,0,0,1,5,0,1,0,0,0,1,0,0,1,1,1,1,0,0,1,0,0,0,0,1,0,1,0,0,0,1,0,1,0,0,1,0,0,1,0,0,0,1,3,82,2,1013,9725,2,2,2,1,2,3,1,1,0.59,2,31.4,2,0,83,0,0,1,1,4,0,0,2,0,0,0,0,2,2,1,1,0,0,1,3,0,1,0.76,2,2,2.67,0,11.2,2.9,15.7,15.7,0,45.4,203
0,1,230,2,41,12016,3.25,1,900,0,0,0,0,0,1,0,1,0,0,1,0,0,1,0,0,1,0,0,1,0,0,0,0,0,1,0,0,0,1,0,0,0,0,1,0,1,1,0,0,1,0,0,0,1,0,0,0,1,0,1,0,0,1,0,0,1,0,1,0,0,0,85,2,745,7152,1,1,2,1,2,3,1,1,0.59,2,23,2,0,83,0,0,1,1,4,0,0,2,0,0,0,0,3,1,1,1,0,0,1,3,0,1,0.76,2,2,2.67,0,10.7,2.2,14.6,13.4,0,41,195
0,0,456,7,21.8,6389,0.5,0,7140,0,0,0,0,0,1,0,1,0,0,1,0,1,0,0,1,0,0,0,1,0,0,1,0,0,1,0,0,0,1,0,0,0,1,0,0,1,0,1,0,0,1,0,0,1,0,1,0,0,0,0,1,0,0,1,0,1,0,1,0,0,0,71,2,662,6951,1,1,1,1,2,3,1,2,0.93,2,0,0,0,0,0,0,1,1,0,0,0,2,0,1,1,0,2,1,1,1,0,0,1,3,0,1,0.69,2,2,3.01,0,2.1,1.5,7.2,10.9,0,21.8,438
0,0,456,13,28.9,8470,3,1,8512,0,0,0,0,0,1,1,0,0,1,0,0,0,0,1,0,1,0,1,0,0,0,2,0,0,0,1,0,0,0,1,0,0,0,0,0,0,0,1,0,0,1,0,0,0,1,1,0,0,0,1,0,0,0,1,0,0,0,1,0,0,0,74,2,950,9975,2,1,1,1,2,3,1,2,0.93,2,0,0,0,0,0,0,1,1,0,0,0,2,0,1,1,0,2,1,1,1,0,0,1,3,0,1,0.69,2,2,3.01,0,3.6,2.9,9.2,13.2,0,28.9,1047
0,0,456,14,28.9,8470,0.333,1,19464,0,0,0,0,0,1,0,0,0,1,0,0,1,0,0,1,0,0,1,0,0,3,1,0,1,0,0,0,1,0,0,0,0,1,1,0,1,0,1,0,0,1,0,0,1,0,0,0,1,1,0,0,1,0,0,0,0,0,1,0,0,0,75,2,954,10017,2,1,1,1,2,3,1,2,0.93,2,0,0,0,0,0,0,1,1,0,0,0,2,0,1,1,0,2,1,1,1,0,0,1,3,0,1,0.69,2,2,3.01,0,3.4,3,9.2,13.2,0,28.9,328
0,0,456,16,21.9,6418,1,1,1000,0,0,0,0,0,1,0,1,0,0,1,0,0,1,0,0,0,1,0,0,1,0,17,0,0,0,1,0,0,0,1,0,0,0,0,0,0,0,1,0,1,0,0,1,0,0,0,0,1,0,1,0,0,1,0,0,0,0,1,0,0,0,72,2,662,6951,1,1,1,1,2,3,1,2,0.93,2,0,0,0,0,0,0,1,1,0,0,0,2,0,1,1,0,2,1,1,1,0,0,1,3,0,1,0.69,2,2,3.01,0,2.2,1.5,7.2,10.9,0,21.9,467
0,0,456,3,28.4,8323,0.417,2,0,0,0,0,0,0,2,1,0,0,1,0,0,0,0,0,0,0,1,0,0,1,0,0,0,1,0,0,0,1,0,0,0,0,0,0,0,0,0,1,0,0,1,0,0,1,0,0,0,1,0,1,0,1,0,0,0,1,1,1,0,0,0,75,2,918,9639,2,1,1,1,2,3,1,2,0.93,2,0,0,0,0,0,0,1,1,0,0,0,2,0,1,1,0,2,1,1,1,0,0,1,3,0,1,0.69,2,2,3.01,0,3.2,2.9,9.2,13.1,0,28.4,582
0,0,456,5,28.9,8470,3,1,0,0,0,0,0,0,1,1,0,0,1,0,0,1,0,0,1,0,0,1,0,0,0,0,0,0,0,1,0,0,0,1,0,0,1,0,0,0,0,1,0,1,0,0,0,1,0,0,0,1,0,0,1,0,0,1,0,1,0,0,1,0,0,75,2,954,10017,2,1,1,1,2,3,1,2,0.93,2,0,0,0,0,0,0,1,1,0,0,0,2,0,1,1,0,2,1,1,1,0,0,1,3,0,1,0.69,2,2,3.01,0,3.4,3,9.2,13.2,0,28.9,403
0,0,456,10,28.2,8265,1.5,1,915,0,0,0,0,0,1,1,0,0,1,0,0,1,0,0,1,0,0,1,0,0,0,0,0,0,1,0,0,0,1,0,1,0,0,1,0,1,1,0,0,0,1,0,0,1,0,0,0,1,0,0,1,0,0,1,0,0,0,1,0,0,0,73,2,950,9025,2,1,2,1,2,3,1,2,0.93,2,0,0,0,0,0,0,1,1,0,0,0,2,0,0,0,0,2,1,1,1,0,0,1,3,0,1,0.69,2,2,3.01,0,2.9,2.9,9.2,13.2,0,28.2,337
0,0,456,2,21.8,6389,2.5,1,1200,0,0,0,0,0,1,1,0,0,1,0,0,1,0,0,1,0,0,1,0,0,1,0,0,1,0,0,0,0,1,0,1,0,1,0,0,1,0,1,0,0,1,0,0,0,1,0,0,1,0,1,0,0,1,0,0,0,0,0,1,0,0,70,2,720,6840,1,1,2,1,2,3,1,2,0.93,2,0,0,0,0,0,0,1,1,0,0,0,2,0,0,0,0,2,1,1,1,0,0,1,3,0,1,0.69,2,2,3.01,0,1.8,1.6,7.2,11.2,0,21.8,340
0,0,456,6,21.7,6360,1.583,1,1286,0,0,0,0,0,1,1,0,0,1,0,0,1,0,0,0,1,0,1,0,0,0,0,0,0,0,1,0,0,1,0,0,1,1,1,0,0,0,1,0,0,1,0,0,1,0,0,0,1,0,0,1,0,0,1,0,0,0,1,0,0,0,70,2,676,6422,1,1,2,1,2,3,1,2,0.93,2,0,0,0,0,0,0,1,1,0,0,0,2,0,0,0,0,2,1,1,1,0,0,1,3,0,1,0.69,2,2,3.01,0,2,1.5,7.2,11,0,21.7,376
0,0,456,11,21.7,6360,2,1,0,0,0,0,0,1,0,1,0,0,1,0,0,1,0,0,1,0,0,1,0,0,9,14,0,1,0,0,0,0,0,0,1,1,1,1,0,0,0,1,0,0,1,0,0,0,1,0,0,1,1,0,0,1,0,0,2,0,0,1,0,0,0,70,2,676,6422,1,1,2,1,2,3,1,2,0.93,2,0,0,0,0,0,0,1,1,0,0,0,2,0,0,0,0,2,1,1,1,0,0,1,3,0,1,0.69,2,2,3.01,0,2,1.5,7.2,11,0,21.7,584
0,0,456,8,27.8,8147,2,1,0,0,0,0,0,0,1,0,1,0,1,0,0,1,0,0,1,0,0,0,1,0,0,0,0,0,1,0,0,1,0,0,0,0,1,0,0,0,0,1,0,0,1,0,0,1,0,0,0,1,1,0,0,0,1,0,0,1,0,0,1,0,0,75,2,918,8721,2,1,2,1,2,3,1,2,0.93,2,0,0,0,0,0,0,1,1,0,0,0,2,0,0,0,0,2,1,1,1,0,0,1,3,0,1,0.69,2,2,3.01,0,2.6,2.9,9.2,13.1,0,27.8,455
0,0,456,20,22.4,6565,3,1,648,0,0,0,0,0,1,1,0,0,1,0,0,1,0,0,1,0,0,1,0,0,5,7,1,0,0,0,0,1,0,0,0,0,0,1,0,1,0,1,0,0,1,0,0,1,0,0,0,1,0,0,1,0,0,1,0,1,0,0,1,0,2,70,2,680,6460,1,2,2,1,2,3,1,2,0.93,2,0,0,0,0,0,0,1,1,0,0,0,2,0,0,0,0,2,1,1,1,0,0,1,3,0,1,0.69,2,2,3.01,0,2.3,1.5,7.2,11.3,0,22.4,195
0,0,456,17,22.1,6477,1,1,0,0,0,0,0,0,1,1,1,0,1,1,0,0,0,1,0,0,1,1,0,0,0,17,0,0,0,1,0,0,0,1,1,0,1,1,0,0,0,1,0,0,1,0,0,1,0,0,0,1,0,1,0,0,1,0,0,0,0,1,0,0,0,68,2,680,5440,1,2,2,1,2,3,1,2,0.93,2,0,0,0,0,0,0,1,1,4,0,0,2,0,0,0,0,2,1,1,1,0,0,1,3,0,1,0.69,2,2,3.01,0,2.3,1.6,7.2,11,0,22.1,399
0,0,456,1,29,8499,2,1,10788,0,0,0,0,0,1,0,1,0,0,1,0,1,0,0,1,0,0,1,0,0,9,0,0,0,0,1,0,0,0,0,1,1,1,1,0,0,0,1,0,1,0,0,0,1,0,0,0,1,0,0,1,0,0,1,0,0,0,1,0,0,0,74,2,954,7632,2,1,2,1,2,3,1,2,0.93,2,0,0,0,0,0,0,1,1,4,0,0,2,0,0,0,0,2,1,1,1,0,0,1,3,0,1,0.69,2,2,3.01,0,2.9,3.1,9.7,13.2,0,29,355
0,0,456,19,23,6741,2.083,1,0,0,0,0,0,0,1,1,0,0,1,0,0,1,0,0,1,0,0,1,0,0,9,18,0,0,0,1,0,1,0,0,1,1,1,1,0,0,0,1,0,0,1,0,0,1,0,0,1,1,0,1,0,0,1,0,2,0,0,1,0,0,0,70,2,680,5440,1,2,2,1,2,3,1,2,0.93,2,0,0,0,0,0,0,1,1,4,0,0,2,0,0,0,0,2,1,1,1,0,0,1,3,0,1,0.69,2,2,3.01,0,2.2,1.7,8.2,11,0,23,508
0,0,456,12,28.4,8323,2.5,1,9600,0,0,0,0,0,1,1,0,0,1,0,0,0,1,0,0,1,0,1,0,0,9,7,0,0,1,0,0,0,1,0,1,0,1,0,0,0,0,1,0,1,0,0,0,1,0,0,0,1,0,0,1,0,0,1,0,0,0,1,0,0,0,74,2,920,7360,2,1,2,1,2,3,1,2,0.93,2,0,0,0,0,0,0,1,1,4,0,0,2,0,0,0,0,2,1,1,1,0,0,1,3,0,1,0.69,2,2,3.01,0,2.9,3.2,9.2,13.1,0,28.4,547
0,0,456,4,21.9,6418,2.5,1,12120,0,0,0,0,0,1,0,1,0,0,1,0,0,1,0,0,1,0,0,1,0,0,0,0,0,1,0,0,0,1,0,1,1,1,1,0,0,0,1,0,0,1,0,0,0,1,0,0,1,0,0,1,0,0,1,0,0,0,1,0,0,0,70,2,676,5408,1,1,2,1,2,3,1,2,0.93,2,0,0,0,0,0,0,1,1,4,0,0,2,0,0,0,0,2,1,1,1,0,0,1,3,0,1,0.69,2,2,3.01,0,2,1.6,7.2,11,0,21.9,533
0,0,456,9,21.9,6418,1.25,1,0,0,0,0,0,0,1,0,1,0,0,1,0,0,1,0,0,1,0,0,0,1,0,15,0,0,0,1,0,1,0,0,0,0,1,1,0,0,1,0,0,0,1,0,1,0,0,0,0,1,0,1,0,0,1,0,0,0,0,1,0,0,0,69,2,676,5408,1,1,2,1,2,3,1,2,0.93,2,0,0,0,0,0,0,1,1,4,0,0,2,0,0,0,0,2,1,1,1,0,0,1,3,0,1,0.69,2,2,3.01,0,2.1,1.6,7.2,11,0,21.9,407
0,0,456,18,22.5,6594,2,1,17500,0,0,0,0,0,1,0,1,0,0,1,0,0,0,1,0,0,1,1,0,0,14,5,0,0,1,0,0,0,1,0,1,0,1,0,0,0,0,1,0,0,1,0,0,0,1,0,0,1,0,1,0,0,1,0,0,0,0,1,0,0,0,71,2,662,5296,1,2,2,1,2,3,1,2,0.93,2,0,0,0,0,0,0,1,1,4,0,0,2,0,0,0,0,2,1,1,1,0,0,1,3,0,1,0.69,2,2,3.01,0,1.9,1.6,8.2,10.9,0,22.5,640
0,0,456,15,22.5,6594,2,1,12072,0,0,0,0,0,1,1,0,0,1,0,0,1,0,0,1,0,0,1,0,0,5,2,0,0,0,1,0,0,1,0,0,0,1,0,0,1,0,0,0,1,0,0,0,1,0,0,0,1,0,1,0,0,1,0,0,1,1,1,0,0,0,69,2,680,5440,1,2,2,1,2,3,1,2,0.93,2,0,0,0,0,0,0,1,1,4,0,0,2,0,0,0,0,2,1,1,1,0,0,1,3,0,1,0.69,2,2,3.01,0,2.3,1.6,7.2,11.3,0,22.5,375
1,1,500,2,24,7034,2,2,0,1,0,0,1,0,0,0,1,0,0,1,0,0,1,0,0,1,0,0,1,0,0,0,0,1,0,0,0,0,1,0,0,0,1,1,0,0,0,1,0,0,1,0,1,0,0,0,0,1,0,1,0,1,0,0,0,0,0,1,0,0,0,66,2,820,6560,2,2,2,1,2,3,2,2,2.35,2,30.5,0,0,0,0,0,1,1,0,0,0,2,0,1,1,0,2,1,3,3,0,0,1,3,0,1,0.71,2,2,3.01,0,5,2.4,4,12.6,0,24,444
1,1,500,3,26.4,7737,3,1,8880,0,0,0,0,1,0,1,0,0,1,0,0,0,0,1,0,0,1,0,1,0,6,5,0,1,0,0,0,1,0,0,0,0,0,0,0,1,0,1,0,1,0,0,0,0,1,0,0,1,0,1,0,0,1,0,0,0,0,0,1,0,2,63,2,935,7480,3,2,1,1,2,3,2,2,2.35,2,34.8,0,0,0,0,0,1,1,0,0,0,2,0,1,1,0,2,1,3,3,0,0,1,3,0,1,0.71,2,2,3.01,0,5.8,1.9,4.6,14.1,0,26.4,614
1,1,500,9,23.9,7004,4,2,0,0,0,0,0,0,2,1,0,0,1,0,0,1,0,0,1,0,0,1,0,0,0,5,0,0,1,0,0,1,0,0,1,1,1,1,0,0,0,1,0,1,0,0,0,1,0,0,0,1,0,1,0,0,1,0,0,0,0,1,0,0,0,65,2,820,6560,2,2,1,1,2,3,2,2,2.35,2,30.5,0,0,0,0,0,1,1,4,0,0,2,0,0,0,0,2,1,3,3,0,0,1,3,0,1,0.71,2,2,3.01,0,4.9,2.4,4,12.6,0,23.9,518
1,1,500,10,22.6,6623,35,1,0,0,0,0,0,0,1,1,0,0,1,0,0,1,0,0,0,0,1,1,0,0,0,5,0,1,0,0,0,1,0,0,0,0,0,0,0,0,0,1,0,1,0,0,0,1,0,0,0,1,0,1,0,0,1,0,0,0,0,1,0,0,0,61,2,820,6560,2,2,2,1,2,3,2,2,2.35,2,30.5,0,0,0,0,0,1,1,0,0,0,2,0,1,1,0,2,1,3,3,0,0,1,3,0,1,0.71,2,2,3.01,0,4.1,1.9,4,12.6,0,22.6,252
1,0,420,1,25,7327,2.083,1,8700,0,0,0,0,0,1,1,0,0,1,0,0,1,0,0,1,0,0,1,0,0,9,5,0,1,0,0,0,1,0,0,0,0,0,0,0,1,1,0,0,1,0,0,0,1,0,0,0,1,0,0,1,0,0,1,0,0,0,0,1,0,6,73,2,697,5576,1,2,1,1,2,3,1,2,0.93,1,0,1,100,0,0,0,1,1,0,0,0,0,0,1,0,0,1,1,1,1,0,0,1,3,2,1,0.82,2,2,3.01,133,4.3,1.7,8.1,11,0,25,296
1,0,420,2,22.7,6653,0.25,1,13116,0,0,0,0,0,1,0,0,0,0,0,0,0,1,0,0,1,0,0,1,0,0,0,0,0,1,0,0,0,1,0,0,0,0,0,0,0,0,1,0,1,0,0,0,0,1,0,0,1,0,0,0,0,0,0,0,0,0,0,0,1,7,70,2,704,5632,1,1,2,1,2,3,1,2,0.93,1,0,1,100,0,0,0,1,1,0,0,0,0,0,0,0,0,1,1,1,1,0,0,1,3,2,1,0.82,2,2,3.01,133,2.7,1.8,7.2,11,0,22.7,374
1,0,420,3,25.1,7356,3,1,0,0,0,0,0,0,1,0,0,0,0,0,0,0,0,0,0,0,0,1,0,0,0,1,0,0,1,0,0,0,1,0,1,0,1,0,0,1,0,1,0,0,1,0,1,0,0,0,0,1,0,1,0,0,1,0,0,0,0,0,0,0,0,74,2,718,5744,1,2,2,1,2,3,1,2,0.93,1,0,1,100,0,0,0,1,1,4,0,0,0,0,0,0,0,1,1,1,1,0,0,1,3,2,1,0.82,2,2,3.01,133,4.7,2.1,7.2,11.1,0,25.1,417
1,0,420,5,22.7,6653,0.25,1,1100,1,0,0,0,0,1,0,1,0,1,0,0,0,1,0,1,0,0,0,1,0,0,0,0,0,1,0,0,0,1,0,0,0,0,0,0,0,0,1,0,0,1,0,0,1,0,0,0,1,0,0,1,0,0,1,0,0,0,1,0,0,0,70,2,704,5632,1,1,2,1,2,3,1,2,0.93,1,0,1,100,0,0,0,1,1,0,0,0,0,0,0,0,0,1,1,1,1,0,0,1,3,2,1,0.82,2,2,3.01,133,2.7,1.8,7.2,11,0,22.7,425
1,0,420,6,26.6,7796,8,1,11352,1,0,0,0,0,1,1,0,0,1,0,0,0,1,0,0,1,0,1,0,0,0,0,0,1,0,0,0,0,1,0,0,0,0,0,0,1,0,1,0,1,0,0,0,1,0,0,0,1,0,1,0,0,1,0,0,1,0,1,0,0,0,76,2,710,5680,1,2,1,1,2,3,1,2,0.93,1,0,1,100,0,0,0,1,1,0,0,0,0,0,1,0,0,1,1,1,1,0,0,1,3,2,1,0.82,2,2,3.01,133,5.8,1.6,8.1,11,0,26.6,525
1,0,420,7,23.5,6887,5,1,12000,0,0,0,0,0,1,0,0,1,0,1,0,0,0,0,0,1,0,0,0,1,0,0,0,1,0,0,0,0,1,0,1,0,1,0,0,1,1,0,0,0,1,0,0,0,1,0,0,1,1,0,0,0,1,0,0,1,0,0,1,0,2,70,2,704,5632,1,1,2,1,2,3,1,2,0.93,1,0,1,100,0,0,0,1,1,0,0,0,0,0,0,0,0,1,1,1,1,0,0,1,3,2,1,0.82,2,2,3.01,133,2.8,1.6,8.1,11,0,23.5,422
1,0,420,8,22.6,6623,2,1,9480,0,0,0,0,1,0,1,0,0,1,0,0,1,0,0,1,0,0,1,0,0,9,0,0,1,0,0,0,1,0,0,0,0,1,1,0,1,0,1,0,0,1,0,0,1,0,0,0,1,0,1,0,0,1,0,0,1,0,0,1,0,0,69,2,704,5632,1,1,2,1,2,3,1,2,0.93,1,0,1,100,0,0,0,1,1,0,0,0,0,0,0,0,0,1,1,1,1,0,0,1,3,2,1,0.82,2,2,3.01,133,2.7,1.7,7.2,11,0,22.6,384
1,0,504,1,31.1,9114,11,1,8892,0,0,0,0,0,1,1,0,0,1,0,0,1,0,0,1,0,0,1,0,0,2,5,0,0,1,0,0,0,1,0,0,0,0,0,0,0,0,1,0,0,0,1,1,0,0,1,0,0,0,1,0,0,1,0,0,1,1,1,0,0,0,91,2,624,4992,1,2,1,1,2,3,0,0,0,0,0,0,0,0,0,0,0,0,4,0,0,2,0,1,0,0,2,2,1,1,0,0,1,1,0,5,0.46,1,1,2.67,0,5.9,1.7,7.8,15.7,0,31.1,520
1,0,504,2,31.1,9114,13,1,1222,0,0,0,0,0,1,1,0,0,1,0,0,1,0,0,1,0,0,1,0,0,0,0,0,0,0,1,0,0,0,1,0,0,0,0,0,1,0,1,0,0,1,0,0,1,0,0,1,0,0,1,0,0,0,1,0,1,0,1,0,0,0,90,2,624,4992,1,1,1,1,2,3,0,0,0,0,0,0,0,0,0,0,0,0,4,0,0,2,0,1,0,0,2,2,1,1,0,0,1,1,0,5,0.46,1,1,2.67,0,6,1.6,7.8,15.7,0,31.1,654
1,0,504,3,30.9,9056,10,1,10000,0,0,0,0,0,1,0,1,0,0,1,0,0,0,0,1,0,0,0,1,0,0,19,0,1,0,0,0,1,0,0,0,0,1,0,0,0,0,1,0,0,1,0,0,1,0,1,0,0,0,1,0,0,0,1,0,0,0,0,1,0,0,90,2,624,4992,1,1,1,1,2,3,0,0,0,0,0,0,0,0,0,0,0,0,4,0,0,2,0,1,0,0,2,2,1,1,0,0,1,1,0,5,0.46,1,1,2.67,0,5.8,1.6,7.8,15.7,0,30.9,398
1,0,504,4,32.4,9495,0.67,1,0,0,0,0,0,0,1,1,0,0,1,0,0,1,0,0,1,0,0,1,0,0,0,0,0,1,0,0,1,0,0,0,0,0,0,1,0,0,0,1,0,0,1,0,0,1,0,1,0,0,0,0,1,0,1,0,0,0,0,0,1,0,0,90,2,624,4992,1,2,1,1,2,3,0,0,0,0,0,0,0,0,0,0,0,0,4,0,0,2,0,1,0,0,2,2,1,1,0,0,1,1,0,5,0.46,1,1,2.67,0,7.3,1.6,7.8,15.7,0,32.4,407
1,0,504,5,32.6,9554,9,1,0,0,0,0,0,0,1,0,0,0,1,0,0,0,0,1,1,0,0,0,0,1,0,17,0,0,1,0,0,0,1,0,0,0,1,0,0,0,0,1,0,1,0,0,0,1,0,1,0,0,0,1,0,0,1,0,2,0,0,1,0,0,0,91,2,624,4992,1,2,1,1,2,3,0,0,0,0,0,0,0,0,0,0,0,0,4,0,0,2,0,1,0,0,2,2,1,1,0,0,1,1,0,5,0.46,1,1,2.67,0,7.6,1.6,7.8,15.7,0,32.6,446
1,0,504,6,30.9,9056,15,1,0,0,0,0,0,0,1,1,0,0,0,1,0,0,1,0,0,1,0,1,0,0,0,0,0,0,1,0,0,1,0,0,0,0,0,0,0,0,0,1,0,1,0,0,0,1,0,1,0,0,0,0,1,0,0,1,0,0,0,1,0,0,0,90,2,624,4992,1,1,1,1,2,3,0,0,0,0,0,0,0,0,0,0,0,0,4,0,0,2,0,1,0,0,2,2,1,1,0,0,1,1,0,5,0.46,1,1,2.67,0,5.8,1.6,7.8,15.7,0,30.9,344
1,0,504,7,30.9,9056,14,1,0,0,0,0,0,0,1,0,1,0,0,1,0,0,1,0,0,1,0,0,1,0,0,0,0,1,0,0,0,0,1,0,0,0,0,1,0,0,0,1,0,0,1,0,0,1,0,1,0,0,0,0,1,0,1,0,0,0,0,1,0,0,0,90,2,624,4992,1,1,1,1,2,3,0,0,0,0,0,0,0,0,0,0,0,0,4,0,0,2,0,1,0,0,2,2,1,1,0,0,1,1,0,5,0.46,1,1,2.67,0,5.8,1.6,7.8,15.7,0,30.9,400
1,0,504,8,30.5,8939,3,1,11457.24,0,0,0,0,0,1,1,0,1,1,0,0,1,0,0,1,0,0,1,0,0,3,17,0,0,1,0,0,0,1,0,0,0,1,0,0,0,0,1,0,1,0,0,1,0,0,1,0,0,1,0,0,1,0,0,5,0,0,1,0,0,0,91,2,607,4856,1,1,1,1,2,3,0,0,0,0,0,0,0,0,0,0,0,0,4,0,0,2,0,1,0,0,2,2,1,1,0,0,1,1,0,5,0.46,1,1,2.67,0,5.4,1.7,7.8,15.6,0,30.5,529
1,0,504,9,30.9,9056,4.5,1,0,0,0,0,0,0,1,1,0,0,1,0,0,1,0,0,1,0,0,1,0,0,3,0,0,0,0,1,1,0,0,0,0,0,0,0,0,1,1,0,0,1,0,0,0,0,1,1,0,0,1,0,0,1,0,0,5,0,0,1,0,0,0,90,2,624,4992,1,1,1,1,2,3,0,0,0,0,0,0,0,0,0,0,0,0,4,0,0,2,0,1,0,0,2,2,1,1,0,0,1,1,0,5,0.46,1,1,2.67,0,5.8,1.6,7.8,15.7,0,30.9,353
1,0,504,10,30.5,8939,3,1,10608,0,0,0,0,0,1,0,1,0,0,1,0,0,1,0,0,1,0,0,1,0,0,0,0,1,0,0,0,0,1,0,1,0,1,0,0,0,0,1,0,1,0,0,1,0,0,1,0,0,0,0,1,0,0,1,0,0,0,1,0,0,0,91,2,607,4856,1,1,1,1,2,3,0,0,0,0,0,0,0,0,0,0,0,0,4,0,0,2,0,1,0,0,2,2,1,1,0,0,1,1,0,5,0.46,1,1,2.67,0,5.4,1.7,7.8,15.6,0,30.5,793
1,0,504,11,32.6,9554,4,1,0,0,0,0,0,0,1,1,0,0,1,0,0,0,1,0,1,0,0,1,0,0,0,0,0,0,0,1,0,0,1,0,1,0,1,1,0,1,1,0,0,0,1,0,0,1,0,1,0,0,0,1,0,1,0,0,0,0,0,1,0,0,0,91,2,624,4492,1,2,1,1,2,3,0,0,0,0,0,0,0,0,0,0,0,0,4,0,0,2,0,1,0,0,2,2,1,1,0,0,1,1,0,5,0.46,1,1,2.67,0,7.5,1.6,7.8,15.7,0,32.6,586
1,0,504,12,30.9,9056,0.5,1,9118,0,0,0,0,1,0,1,0,0,1,0,0,0,0,1,0,0,1,1,0,0,7,7,1,0,0,0,0,0,1,0,0,0,1,1,0,0,0,1,0,1,0,0,0,1,0,1,0,0,0,0,1,0,0,1,0,0,0,1,0,0,0,90,2,624,4992,1,1,1,1,2,3,0,0,0,0,0,0,0,0,0,0,0,0,4,0,0,2,0,1,0,0,2,2,1,1,0,0,1,1,0,5,0.46,1,1,2.67,0,5.8,1.6,7.8,15.7,0,30.9,611
1,0,504,13,31.1,9114,2,2,19000,0,0,0,0,0,2,1,0,0,1,0,0,0,1,0,0,1,0,1,0,0,1,0,0,0,1,0,0,0,1,0,0,0,1,0,0,0,0,1,0,1,0,0,1,0,0,1,0,0,0,1,0,0,1,0,0,0,0,0,1,0,0,90,2,624,4992,1,1,1,1,2,3,0,0,0,0,0,0,0,0,0,0,0,0,4,0,0,2,0,1,0,0,2,2,1,1,0,0,1,1,0,5,0.46,1,1,2.67,0,6,1.6,7.8,15.7,0,31.1,711
1,0,504,14,32.4,9495,6.5,1,12561.48,0,0,0,0,0,1,0,1,0,0,1,0,1,0,0,1,0,0,0,1,0,0,0,0,0,0,0,0,1,0,0,0,0,0,1,0,1,0,1,0,0,1,0,0,1,0,1,0,0,0,0,1,0,0,1,3,0,0,1,0,0,0,90,2,624,4992,1,2,1,1,2,3,0,0,0,0,0,0,0,0,0,0,0,0,4,0,0,2,0,1,0,0,2,2,1,1,0,0,1,1,0,5,0.46,1,1,2.67,0,7.3,1.6,7.8,15.7,0,32.4,379
1,0,504,16,30.9,9056,22,1,10152,0,0,0,0,0,1,1,0,0,1,0,0,0,1,0,1,0,0,1,0,0,0,3,0,1,0,0,0,1,0,0,0,0,0,1,0,0,0,1,0,0,1,0,0,1,0,1,0,0,0,0,1,0,0,1,0,0,0,0,1,0,1,90,2,624,4992,1,1,1,1,2,3,0,0,0,0,0,0,0,0,0,0,0,0,4,0,0,2,0,1,0,0,2,2,1,1,0,0,1,1,0,5,0.46,1,1,2.67,0,5.8,1.6,7.8,15.7,0,30.9,445
1,0,504,17,31.1,9114,0.25,1,10848,0,0,0,0,1,0,0,0,0,1,0,0,1,0,0,1,0,0,1,0,0,1,10,0,1,0,0,0,0,0,0,1,1,1,1,0,0,0,1,0,0,1,0,1,0,0,1,0,0,0,0,0,0,0,1,0,1,5,0,1,0,1,90,2,624,4992,1,1,1,1,2,3,0,0,0,0,0,0,0,0,0,0,0,0,4,0,0,2,0,1,0,0,2,2,1,1,0,0,1,1,0,5,0.46,1,1,2.67,0,6,1.6,7.8,15.7,0,31.1,452
1,0,504,18,32.4,9495,0.25,1,10688,0,0,0,0,0,1,0,0,0,1,0,0,1,0,0,1,0,0,1,0,0,7,8,0,1,0,0,0,0,0,0,0,0,0,0,0,0,0,1,0,0,1,0,1,0,0,1,0,0,0,0,0,0,1,0,0,0,0,1,0,0,0,90,2,624,4992,1,2,1,1,2,3,0,0,0,0,0,0,0,0,0,0,0,0,4,0,0,2,0,1,0,0,2,2,1,1,0,0,1,1,0,5,0.46,1,1,2.67,0,7.3,1.6,7.8,15.7,0,32.4,539
1,1,546,1,33.3,9759,9,3,0,1,0,0,0,0,0,0,1,0,0,1,0,0,1,0,0,1,0,0,1,0,0,0,0,0,1,0,0,0,1,0,0,0,0,0,0,1,0,1,0,0,1,0,1,0,0,0,0,1,0,1,0,0,1,0,0,0,0,0,0,1,0,75,2,897,7176,2,4,1,1,2,3,1,1,0.62,2,35.17,0,0,0,0,0,1,1,4,0,0,1,0,1,0,0,2,1,2,2,0,0,1,3,0,1,0.71,2,2,2.67,0,2.5,2.7,14.8,13.3,0,33.3,495
1,1,546,2,33.5,9818,4,1,0,0,0,0,0,0,0,0,1,0,0,1,0,0,1,0,0,1,0,0,1,0,0,0,0,1,0,0,0,0,0,1,0,0,1,0,0,1,0,1,0,0,1,0,0,1,0,1,0,0,0,1,0,0,1,0,0,0,0,1,0,0,0,76,2,897,7176,2,4,1,1,2,3,1,1,0.62,2,35.17,0,0,0,0,0,1,1,4,0,0,1,0,1,0,0,2,1,2,2,0,0,1,3,0,1,0.71,2,2,2.67,0,2.6,2.8,14.8,13.3,0,33.5,631
1,1,546,4,47.7,13979,15,6,1450,0,1,3,1,1,0,1,0,0,0,0,1,0,1,0,0,1,0,0,1,0,0,0,0,1,0,0,0,0,1,0,0,0,1,0,0,1,1,0,0,0,1,0,0,0,1,1,0,0,0,1,0,0,1,0,0,0,0,0,1,0,0,75,2,1220,9760,5,2,2,1,2,3,1,1,0.62,2,51.24,0,0,0,0,0,1,1,4,0,0,1,0,0,0,0,2,1,2,2,0,0,1,3,0,1,0.71,2,2,2.67,0,3.3,4.2,22.4,17.9,0,47.7,770
1,1,546,5,34.8,10199,3,3,0,0,2,0,0,1,0,1,0,0,1,0,0,1,0,0,1,0,0,1,0,0,0,0,0,0,1,0,0,0,1,0,1,0,0,0,0,0,0,0,0,0,0,0,1,0,0,0,0,1,0,0,1,0,0,1,0,1,0,0,1,0,0,75,2,897,7176,2,5,1,1,2,3,1,1,0.62,2,35.17,0,0,0,0,0,1,1,4,0,0,1,0,1,0,0,2,1,2,2,0,0,1,3,0,1,0.71,2,2,2.67,0,4.1,2.7,14.8,13.3,0,34.8,713
1,1,546,6,34.8,10199,0,3,0,1,0,0,0,2,0,1,0,0,1,0,0,0,1,0,1,0,0,1,0,0,0,0,0,0,1,0,0,0,1,0,1,0,0,0,0,1,0,1,0,0,0,1,0,0,1,0,1,0,0,0,0,1,0,0,0,1,0,1,0,0,0,75,2,897,7176,2,5,1,1,2,3,1,1,0.62,2,35.17,0,0,0,0,0,1,1,4,0,0,1,0,1,0,0,2,1,2,2,0,0,1,3,0,1,0.71,2,2,2.67,0,4.1,2.7,14.8,13.3,0,34.8,420
1,1,546,7,33.5,9818,4.5,2,0,0,0,0,0,2,0,1,0,0,1,0,0,1,0,0,1,0,0,1,0,0,1,14,1,0,0,0,0,1,0,0,0,0,0,0,0,1,0,1,0,0,0,0,0,1,0,0,0,1,0,0,1,0,0,1,0,1,0,0,1,0,0,76,2,897,7176,2,4,1,1,2,3,1,1,0.62,2,35.17,0,0,0,0,0,1,1,4,0,0,1,0,1,0,0,2,1,2,2,0,0,1,3,0,1,0.71,2,2,2.67,0,2.6,2.8,14.8,13.3,0,33.5,660
1,1,546,8,39.1,11459,0.167,5,0,1,2,0,1,1,0,1,0,0,1,0,0,1,0,0,1,0,0,1,0,0,6,4,0,0,1,0,0,0,1,0,1,0,1,0,0,0,0,1,0,0,1,0,0,0,1,0,0,1,0,1,0,0,1,0,0,0,0,0,1,0,0,78,2,985,7880,3,4,1,1,2,3,1,1,0.62,2,41.37,0,0,0,0,0,1,1,4,0,0,1,0,1,0,0,2,1,2,2,0,0,1,3,0,1,0.71,2,2,2.67,0,3.9,3,17.4,14.7,0,39.1,389
1,1,546,9,33.3,9759,2,1,0,0,0,0,0,0,1,0,1,0,1,0,0,0,1,0,0,1,0,0,1,0,0,0,0,0,1,0,0,1,0,0,1,1,1,1,0,0,0,1,0,0,0,1,0,1,0,0,0,1,0,1,0,0,1,0,0,0,0,0,1,0,0,75,2,897,7176,2,4,1,1,2,3,1,1,0.62,2,35.17,0,0,0,0,0,1,1,4,0,0,1,0,1,0,0,2,1,2,2,0,0,1,3,0,1,0.71,2,2,2.67,0,2.5,2.7,14.8,13.3,0,33.3,381
1,1,546,10,47.4,13892,1.33,5,0,1,1,1,0,2,0,0,1,0,1,0,0,1,0,0,1,0,0,1,0,0,15,6,1,0,0,0,0,0,1,0,1,1,1,0,0,1,0,0,0,1,0,0,0,0,1,1,0,0,0,0,1,0,1,0,0,0,0,1,0,0,0,75,2,1220,9760,5,2,2,1,2,3,1,1,0.62,2,51.24,0,0,0,0,0,1,1,4,0,0,1,0,0,0,0,2,1,2,2,0,0,1,3,0,1,0.71,2,2,2.67,0,3.3,4.2,22.4,17.9,0,47.4,1093
1,1,546,11,29.8,8733,3.5,2,0,0,0,0,0,2,0,1,0,0,1,0,0,1,0,0,1,0,0,1,0,0,3,0,0,1,0,0,0,0,0,1,1,0,1,1,0,1,0,1,0,0,1,0,0,1,0,0,1,0,0,1,0,0,0,1,0,0,0,1,0,0,0,76,2,670,5360,1,2,1,1,2,3,1,1,0.62,2,28.14,0,0,0,0,0,1,1,0,0,0,1,0,1,0,0,2,1,2,2,0,0,1,3,0,1,0.71,2,2,2.67,0,4.6,1.7,12.3,11.2,0,29.8,345
1,1,546,12,49.2,14419,7,5,10000,0,3,1,0,1,0,0,1,0,0,1,0,0,1,0,0,1,0,0,1,0,0,0,0,1,0,0,0,1,0,0,1,1,1,1,0,1,0,1,0,1,0,0,0,1,0,0,0,1,0,0,1,0,0,1,0,0,0,1,0,0,0,77,2,1220,9760,5,2,1,1,2,3,1,1,0.62,2,51.24,0,0,0,0,0,1,1,0,0,0,1,0,1,0,0,2,1,2,2,0,0,1,3,0,1,0.71,2,2,2.67,0,5.9,3,22.4,17.9,0,49.2,773
1,1,546,14,33.3,9759,5,2,0,0,0,1,0,1,0,0,0,0,0,0,0,0,0,0,0,0,0,0,0,0,0,0,0,1,0,0,0,0,0,1,1,0,0,0,0,0,0,1,0,0,0,1,0,0,1,0,0,1,0,0,1,0,0,1,0,0,0,0,1,0,4,75,2,897,7176,2,4,1,1,2,3,1,1,0.62,2,35.17,0,0,0,0,0,1,1,4,0,0,1,0,1,0,0,2,1,2,2,0,0,1,3,0,1,0.71,2,2,2.67,0,2.5,2.7,14.8,13.3,0,33.3,402
1,1,546,15,39.3,11518,3,1,54,1,0,0,1,0,0,0,1,0,1,0,0,0,1,0,0,1,0,0,1,0,0,0,1,0,0,0,0,1,0,0,0,1,0,0,0,1,0,1,0,0,0,1,0,1,0,0,0,1,0,1,0,0,0,1,0,0,0,1,0,0,0,79,2,985,7880,3,4,1,1,2,3,1,1,0.62,2,41.37,0,0,0,0,0,1,1,4,0,0,1,0,1,0,0,2,1,2,2,0,0,1,3,0,1,0.71,2,2,2.67,0,4,3.2,17.4,14.7,0,39.3,608
1,1,546,16,39.3,11518,2.75,3,0,0,0,2,0,1,0,0,1,0,1,0,0,0,1,0,0,1,0,0,1,0,8,7,0,0,1,0,0,1,0,0,1,1,1,1,0,0,0,1,0,0,1,0,0,0,1,0,0,1,0,1,0,0,1,0,0,0,0,1,0,0,0,79,2,985,7880,3,4,1,1,2,3,1,1,0.62,2,41.37,0,0,0,0,0,1,1,4,0,0,1,0,1,0,0,2,1,2,2,0,0,1,3,0,1,0.71,2,2,2.67,0,4,3.2,17.4,14.7,0,39.3,570
1,1,546,17,39.3,11518,2,5,400,3,1,0,1,0,0,0,1,0,0,1,0,0,1,0,0,1,0,0,1,0,0,0,0,1,0,0,0,0,1,0,1,0,1,0,0,1,0,1,0,0,1,0,0,0,1,0,0,1,1,0,0,0,1,0,0,1,1,0,1,0,0,79,2,985,7880,3,4,1,1,2,3,1,1,0.62,2,41.37,0,0,0,0,0,1,1,4,0,0,1,0,1,0,0,2,1,2,2,0,0,1,3,0,1,0.71,2,2,2.67,0,4,3.2,17.4,14.7,0,39.3,553
1,1,546,18,39.1,11459,1,3,300,0,0,1,1,1,0,1,0,0,1,0,0,0,1,0,0,1,0,0,1,0,0,0,0,1,0,0,0,1,0,0,1,1,1,1,0,1,0,1,0,0,0,1,0,1,0,0,0,1,0,0,1,0,0,1,0,0,0,1,0,0,0,78,2,985,7880,3,4,1,1,2,3,1,1,0.62,2,41.37,0,0,0,0,0,1,1,4,0,0,1,0,1,0,0,2,1,2,2,0,0,1,3,0,1,0.71,2,2,2.67,0,4,3,17.4,14.7,0,39.1,597
1,1,546,19,35,10257,2,1,0,0,0,0,0,1,0,1,0,0,1,0,0,1,0,0,0,1,0,0,1,0,0,0,0,0,1,0,0,0,0,1,1,0,1,1,0,1,0,1,0,0,0,1,1,0,0,0,0,1,0,0,1,0,0,1,0,1,0,1,0,0,0,76,2,897,7176,2,5,1,1,2,3,1,1,0.62,2,35.17,0,0,0,0,0,1,1,4,0,0,1,0,1,0,0,2,1,2,2,0,0,1,3,0,1,0.71,2,2,2.67,0,4.1,2.8,14.8,13.3,0,35,559
1,1,546,20,39.3,11518,0,3,0,0,1,1,1,0,0,0,1,0,0,1,0,0,1,0,0,1,0,0,1,0,0,0,0,0,1,0,0,0,0,1,1,0,0,0,0,1,0,1,0,0,1,0,0,0,1,0,0,1,0,1,0,0,1,0,0,0,0,1,0,0,0,79,2,985,7880,3,4,1,1,2,3,1,1,0.62,2,41.37,0,0,0,0,0,1,1,4,0,0,1,0,1,0,0,2,1,2,2,0,0,1,3,0,1,0.71,2,2,2.67,0,4,3.2,17.4,14.7,0,39.3,496
1,1,546,21,28.2,8265,6,1,24270.48,0,0,0,0,1,0,1,0,0,1,0,0,0,1,0,0,1,0,0,1,0,0,0,0,1,0,0,0,1,0,0,1,1,1,1,0,0,0,0,0,0,0,1,1,0,0,0,0,1,0,1,0,0,0,1,0,0,0,1,0,0,0,78,2,670,5360,1,2,2,1,2,3,1,1,0.62,2,28.14,0,0,0,0,0,1,1,4,0,0,1,0,0,0,0,2,1,2,2,0,0,1,3,0,1,0.71,2,2,2.67,0,2.3,2.4,12.3,11.2,0,28.2,430
1,1,546,22,39.1,11459,3,3,0,1,1,0,0,0,0,0,1,0,0,1,0,0,1,0,0,1,0,0,1,0,0,0,0,1,0,0,0,0,1,0,0,0,1,0,0,1,0,1,0,0,0,1,0,1,0,0,0,1,0,0,1,0,0,1,0,0,0,1,0,0,0,78,2,985,7880,3,4,1,1,2,3,1,1,0.62,2,41.37,0,0,0,0,0,1,1,4,0,0,1,0,1,0,0,2,1,2,2,0,0,1,3,0,1,0.71,2,2,2.67,0,3.9,3,17.4,14.7,0,39.1,370
1,1,546,23,28.2,8265,3,1,0,0,0,0,0,0,0,0,1,0,0,1,0,0,1,0,0,1,0,0,1,0,0,0,0,0,0,1,1,0,0,0,0,0,1,0,0,0,0,1,0,0,1,0,0,1,0,0,1,0,0,0,1,1,0,0,0,0,0,1,0,0,0,78,2,670,5360,1,1,2,1,2,3,1,1,0.62,2,28.14,0,0,0,0,0,1,1,4,0,0,1,0,0,0,0,2,1,2,2,0,0,1,3,0,1,0.71,2,2,2.67,0,2.3,2.4,12.3,11.2,0,28.2,209
0,0,590,9,4.9,1436,0.917,1,15840,0,0,0,0,0,1,1,0,0,1,0,0,0,0,0,0,1,0,0,1,0,1,3,0,1,0,0,0,1,0,0,1,0,0,0,0,0,0,1,0,1,0,0,0,1,0,1,0,0,0,1,0,0,1,0,0,0,0,0,1,0,0,17,2,685,6507,1,1,1,1,2,3,1,2,0.92,2,0,3,0,0,32,0,1,1,0,1,4,3,0,1,1,1,2,1,1,1,0,0,1,3,2,3,0.82,2,2,3.01,0,1.4,1.9,1,12,-11.4,4.9,278
0,0,590,8,4.7,1377,1,1,0,0,0,0,0,0,1,0,1,0,0,1,0,0,0,0,0,1,0,0,1,0,0,0,0,1,0,0,0,0,1,0,0,0,1,0,0,0,0,1,0,1,0,0,1,0,0,1,0,0,0,1,0,0,1,0,0,1,0,0,1,0,0,16,2,685,6508,1,1,1,1,2,3,1,2,0.92,2,0,3,0,0,32,0,1,1,0,1,4,3,0,1,1,1,2,1,1,1,0,0,1,3,2,3,0.82,2,2,3.01,0,1.3,1.8,1,12,-11.4,4.7,312
0,0,590,11,26.8,7854,11.5,2,16800,0,0,0,0,0,2,1,0,0,1,0,0,0,1,0,0,1,0,1,0,0,0,3,0,1,0,0,0,0,1,0,0,0,0,0,0,0,0,1,0,0,1,0,0,1,0,0,0,0,0,0,1,0,0,0,0,0,0,1,0,0,0,66,2,900,8100,2,2,1,1,2,3,1,2,0.91,2,0,3,0,0,32,0,1,1,0,0,0,2,0,1,1,1,2,1,2,2,0,0,1,3,2,3,0.82,2,2,3.01,0,0.4,2.1,9.4,14.9,0,26.8,706
0,0,590,16,22.5,6594,0.583,1,0,0,0,0,0,1,0,1,0,0,1,0,0,1,0,0,1,0,0,1,0,0,1,0,0,1,0,0,0,1,0,0,1,1,1,1,0,0,0,1,0,0,1,0,0,1,0,0,0,1,0,0,1,0,0,1,0,1,1,1,0,0,0,69,2,678,6102,1,1,1,1,2,3,1,2,0.92,2,0,3,0,0,32,0,1,1,0,0,0,2,0,1,1,1,2,1,2,2,0,0,1,3,2,3,0.82,2,2,3.01,0,0.2,1.7,7.3,13.3,0,22.5,863
0,0,590,20,4.5,1319,1.083,1,25000,0,0,0,0,1,0,0,1,0,0,1,0,0,0,0,0,1,0,0,1,0,0,0,0,1,0,0,0,0,1,0,1,0,1,0,0,0,0,1,0,1,0,0,0,1,0,1,0,0,0,1,0,0,0,1,0,1,1,0,1,0,0,15,2,705,6345,1,2,1,1,2,3,1,2,0.92,2,0,3,0,0,32,0,1,1,0,1,4,3,0,1,1,1,2,1,1,1,0,0,1,3,2,3,0.82,2,2,3.01,0,1.9,1.9,0,12.1,-11.4,4.5,374
0,0,590,2,21.6,6330,1,1,0,0,0,0,0,0,1,0,1,0,0,1,0,0,1,0,0,1,0,0,1,0,0,0,0,0,1,0,0,0,1,0,0,0,0,0,0,1,0,1,0,0,1,0,0,1,0,0,0,1,0,1,0,0,1,0,0,0,0,1,0,0,0,75,2,595,5355,1,1,1,1,2,3,1,2,0.92,2,0,3,0,0,32,0,1,1,0,0,0,2,0,1,1,1,2,1,2,2,0,0,1,3,2,3,0.82,2,2,3.01,0,0,1.7,7.3,12.6,0,21.6,435
0,0,590,13,21.6,6330,0.5,1,13284,0,0,0,0,0,1,0,1,0,0,1,0,0,1,0,0,1,0,0,1,0,0,0,0,0,1,0,0,1,0,0,0,0,1,0,0,1,0,1,0,0,1,0,0,0,1,0,0,1,0,1,0,0,1,0,0,1,0,0,0,1,0,75,2,595,5355,1,1,1,1,2,3,1,2,0.92,2,0,3,0,0,32,0,1,1,0,0,0,2,0,1,1,1,2,1,2,2,0,0,1,3,2,3,0.82,2,2,3.01,0,0,1.7,7.3,12.6,0,21.6,749
0,0,590,5,21.6,6330,0.833,1,15264,0,0,0,0,0,1,0,1,0,0,1,0,1,0,0,1,0,0,1,0,0,0,0,0,0,1,0,0,0,1,0,0,0,0,0,0,0,0,1,0,0,1,0,0,0,1,0,0,1,0,1,0,0,1,0,0,1,1,0,1,0,0,75,2,595,5355,1,1,1,1,2,3,1,2,0.92,2,0,3,0,0,32,0,1,1,0,0,0,2,0,1,1,1,2,1,2,2,0,0,1,3,2,3,0.82,2,2,3.01,0,0,1.7,7.3,12.6,0,21.6,479
0,0,590,6,21.6,6330,0.667,1,13000,0,0,0,0,0,1,1,0,0,0,0,0,1,0,0,1,0,0,1,0,0,2,0,0,0,1,0,0,0,1,0,0,0,1,0,0,0,0,1,0,0,1,0,0,1,0,0,0,1,0,1,0,0,1,0,0,0,0,0,1,0,0,75,2,595,5355,1,1,1,1,2,3,1,2,0.92,2,0,3,0,0,32,0,1,1,0,0,0,2,0,1,1,1,2,1,2,2,0,0,1,3,2,3,0.82,2,2,3.01,0,0,1.7,7.3,12.6,0,21.6,431
0,0,590,19,22.3,6535,0.5,1,18000,0,0,0,0,1,0,0,1,0,0,0,0,0,0,0,1,0,0,1,0,0,3,0,0,0,1,0,0,0,1,0,1,1,1,1,1,0,0,1,0,1,0,0,0,0,1,0,0,1,0,0,1,0,0,0,0,1,0,0,0,1,0,71,2,595,5355,1,1,1,1,2,3,1,2,0.92,2,0,3,0,0,32,0,1,1,0,0,0,2,0,1,1,1,2,1,2,2,0,0,1,3,2,3,0.82,2,2,3.01,0,0.4,1.7,7.3,12.9,0,22.3,559
0,0,590,15,26.5,7766,0.833,2,0,0,0,0,0,0,2,0,0,0,1,0,0,0,1,0,0,1,0,1,0,0,0,10,0,1,0,0,0,0,0,0,0,0,0,0,0,0,0,1,0,0,0,1,1,0,0,0,0,1,0,0,0,0,1,0,0,0,0,1,0,0,0,67,2,900,8100,2,2,2,1,2,3,1,2,0.91,2,0,3,0,0,32,0,1,1,0,0,0,2,0,0,0,0,2,1,2,2,0,0,1,3,2,3,0.82,2,2,3.01,0,0,2.2,9.4,14.9,0,26.5,791
0,0,590,14,22.4,6565,0.5,1,0,0,0,0,0,0,1,0,1,0,0,1,0,0,0,0,0,1,0,0,1,0,0,0,0,0,0,1,0,0,0,1,0,0,0,0,0,0,0,1,0,1,0,0,0,1,0,0,0,1,0,0,1,0,0,0,0,0,0,0,0,1,0,72,2,738,6642,1,1,2,1,2,3,1,2,0.92,2,0,3,0,0,32,0,1,1,0,0,0,2,0,0,0,0,2,1,2,2,0,0,1,3,2,3,0.82,2,2,3.01,0,0,1.9,7.3,13.2,0,22.4,493
0,0,590,17,22.4,6565,0.667,2,26000,0,0,0,0,1,1,1,0,0,1,0,0,0,0,0,1,0,0,1,0,0,4,4,0,0,1,0,0,0,1,0,1,1,1,1,0,0,0,1,0,0,1,0,0,1,0,0,0,1,0,0,1,0,1,0,0,0,0,1,0,0,0,71,2,678,6102,1,1,2,1,2,3,1,2,0.92,2,0,3,0,0,32,0,1,1,0,0,0,2,0,0,0,0,2,1,2,2,0,0,1,3,2,3,0.82,2,2,3.01,0,0,1.8,7.3,13.3,0,22.4,589
0,0,590,12,26.4,7737,0.833,1,9936,0,0,0,0,0,1,1,0,0,0,1,0,0,0,0,1,0,0,0,1,0,0,0,0,0,1,0,0,0,1,0,1,1,1,0,0,0,0,1,0,1,0,0,0,1,0,0,0,1,0,1,0,0,1,0,0,1,0,0,0,1,0,71,2,898,8082,2,1,2,1,2,3,1,2,0.91,2,0,3,0,0,32,0,1,1,0,0,0,2,0,0,0,0,2,1,2,2,0,0,1,3,2,3,0.82,2,2,3.01,0,0,2.2,9.4,14.9,0,26.4,563
0,0,590,3,22.1,6477,0.25,2,1440,0,0,0,0,0,2,1,0,0,1,0,0,1,0,0,1,0,0,1,0,0,10,4,1,0,0,0,0,0,1,0,0,0,1,0,0,0,0,1,0,0,1,0,1,0,0,0,0,1,0,0,1,1,0,0,0,1,1,1,0,0,0,72,2,694,6246,1,1,2,1,2,3,1,2,0.92,2,0,3,0,0,32,0,1,1,0,0,0,2,0,0,0,0,2,1,2,2,0,0,1,3,2,3,0.82,2,2,3.01,0,0,1.8,7.3,13,0,22.1,777
0,0,590,10,21.7,6360,0.75,1,12500,0,0,0,0,1,0,0,0,1,0,0,0,0,0,0,1,0,0,1,0,0,10,0,0,1,0,0,0,0,1,0,0,0,1,0,0,1,1,0,0,0,1,0,0,0,1,0,0,1,0,0,1,0,0,0,0,1,6,0,1,0,0,76,2,595,5355,1,1,2,1,2,3,1,2,0.92,2,0,3,0,0,32,0,1,1,0,0,0,2,0,0,0,0,2,1,2,2,0,0,1,3,2,3,0.82,2,2,3.01,0,0,1.8,7.3,12.6,0,21.7,418
0,0,590,21,22.2,6506,0.5,1,2200,0,0,0,0,0,1,1,0,0,1,0,0,1,0,0,1,0,0,1,0,0,2,0,0,0,1,0,0,0,1,0,1,0,1,1,0,0,0,1,0,1,0,0,0,1,0,0,0,1,0,1,0,0,1,0,0,0,0,0,1,0,0,69,2,694,6246,1,1,2,1,2,3,1,2,0.92,2,0,3,0,0,32,0,1,1,0,0,0,2,0,0,0,0,2,1,2,2,0,0,1,3,2,3,0.82,2,2,3.01,0,0,1.9,7.3,13,0,22.2,519
0,0,590,4,26.5,7766,0.75,2,215000,0,0,0,0,0,2,1,0,0,1,0,0,0,0,0,0,0,0,1,0,0,1,0,0,1,0,0,0,0,1,0,1,1,1,1,0,1,0,1,0,0,1,0,1,0,0,0,0,1,0,0,1,0,0,0,0,0,0,1,0,0,0,68,2,898,7184,2,2,2,1,2,3,1,2,0.91,2,0,3,0,0,32,0,1,1,0,0,0,2,0,0,0,0,2,1,2,2,0,0,1,3,2,3,0.82,2,2,3.01,0,0,2.2,9.4,14.9,0,26.5,633
0,0,590,7,21.7,6360,0.75,1,1543,0,0,0,0,1,0,0,1,0,0,1,0,0,1,0,0,1,0,1,0,0,0,0,0,1,0,0,0,1,0,0,1,0,0,0,0,0,0,1,0,0,1,0,0,0,1,0,0,1,1,0,0,1,0,0,0,0,0,1,0,0,0,73,2,595,5355,1,1,2,1,2,3,1,2,0.92,2,0,3,0,0,32,0,1,1,0,0,0,2,0,0,0,0,2,1,2,2,0,0,1,3,2,3,0.82,2,2,3.01,0,0,1.8,7.3,12.6,0,21.7,403
0,0,590,23,21.7,6360,0.667,2,1065,0,0,0,0,1,1,1,0,0,0,0,0,1,0,0,1,0,0,1,0,0,4,6,0,0,0,0,1,0,0,0,0,0,1,0,0,1,0,1,0,0,1,0,0,1,0,0,0,1,0,1,0,0,0,0,0,1,0,0,1,0,0,73,2,595,5355,1,1,2,1,2,3,1,2,0.92,2,0,3,0,0,32,0,1,1,0,0,0,2,0,0,0,0,2,1,2,2,0,0,1,3,2,3,0.82,2,2,3.01,0,0,1.8,7.3,12.6,0,21.7,851
0,0,590,18,26.6,7796,0.5,2,21000,0,0,0,0,1,1,1,0,0,0,0,0,1,0,0,1,0,0,1,0,0,10,7,0,1,0,0,0,0,0,0,1,1,1,1,0,0,0,1,0,0,1,0,0,1,0,0,0,1,0,0,1,0,0,1,0,1,0,1,0,0,0,66,2,912,7296,2,2,2,1,2,3,1,2,0.91,2,0,3,0,0,32,0,1,1,0,0,0,2,0,0,0,0,2,1,2,2,0,0,1,3,2,3,0.82,2,2,3.01,0,0,2.3,9.4,14.9,0,26.6,660
0,0,590,22,21.7,6360,0.75,1,20000,0,0,0,0,0,1,1,0,0,1,0,0,1,0,0,1,0,0,1,0,0,5,0,0,0,1,0,0,0,1,0,0,0,0,0,0,0,0,1,0,1,0,0,0,0,1,0,0,1,0,0,1,0,0,1,0,0,0,0,1,0,0,71,2,595,4760,1,2,2,1,2,3,1,2,0.92,2,0,3,0,0,32,0,1,1,0,0,0,2,0,0,0,0,2,1,2,2,0,0,1,3,2,3,0.82,2,2,3.01,0,0,1.9,7.3,12.6,0,21.7,522
1,1,534,1,32.9,9642.003,5,1,14131,0,0,0,0,1,0,0,1,0,0,1,0,0,1,0,0,0,1,0,0,1,0,12,1,0,0,0,0,0,1,0,0,0,1,1,0,1,1,0,0,0,0,1,1,0,0,0,0,1,0,1,0,0,1,0,0,0,0,0,1,0,0,68,2,910,7280,2,4,1,1,2,3,3,1,0.84,0,19.11,0,0,0,0,0,0,0,4,0,0,2,0,1,0,0,2,1,3,3,0,0,1,3,0,3,0.71,1,1,2.67,0,4,2.5,10.9,15.4,0,32.9,399
1,1,534,2,32.9,9642.003,3,5,0,1,1,2,0,1,0,0,1,0,0,1,0,1,0,0,0,1,0,0,1,0,0,0,0,1,0,0,0,0,1,0,0,0,1,0,0,0,0,1,0,1,0,0,0,0,1,0,0,1,0,0,1,0,0,1,0,0,0,1,0,0,0,68,2,910,7280,2,4,1,1,2,3,3,1,0.84,0,19.11,0,0,0,0,0,0,0,4,0,0,2,0,1,0,0,2,1,3,3,0,0,1,3,0,3,0.71,1,1,2.67,0,4,2.5,10.9,15.4,0,32.9,547
1,1,534,3,32.9,9642.003,0.833,2,11,1,0,0,0,0,0,1,0,0,1,0,0,1,0,0,1,0,0,1,0,0,3,0,0,0,0,1,0,0,0,1,0,0,1,1,0,1,0,1,0,0,0,1,0,0,1,0,0,1,0,0,1,0,0,1,0,0,0,0,1,0,0,68,2,910,7280,2,4,1,1,2,3,3,1,0.84,0,19.11,0,0,0,0,0,0,0,4,0,0,2,0,1,0,0,2,1,3,3,0,0,1,3,0,3,0.71,1,1,2.67,0,4,2.5,10.9,15.4,0,32.9,301
1,1,534,4,27.3,8000.811,0.333,1,0,0,0,0,1,0,0,1,0,0,1,0,0,0,1,0,0,1,0,0,1,0,0,0,1,0,0,0,0,1,0,0,0,0,0,0,0,1,0,1,0,0,1,0,1,0,0,0,0,1,0,0,1,0,0,1,0,0,0,0,1,0,0,68,2,724,5792,1,4,1,1,2,3,3,1,0.84,0,15.2,0,0,0,0,0,0,0,4,0,0,2,0,1,0,0,2,1,3,3,0,0,1,3,0,3,0.71,1,1,2.67,0,3.5,2,8.4,13.4,0,27.3,440
1,1,534,5,40.4,11840.028,0.833,3,20820,0,2,0,0,1,0,1,0,0,1,0,0,1,0,0,1,0,0,1,0,0,1,5,0,1,0,0,0,1,0,0,0,1,0,0,0,1,1,0,0,0,1,0,1,0,0,0,0,1,1,0,0,1,0,0,0,0,0,1,0,0,0,69,2,1059,8472,3,5,1,1,2,3,3,1,0.84,0,22.24,0,0,0,0,0,0,0,4,0,0,2,0,1,0,0,2,1,3,3,0,0,1,3,0,3,0.71,1,1,2.67,0,6.8,2.9,13.5,17.3,0,40.4,848
1,1,534,6,40.4,11840.028,0.5,5,1400,2,1,1,0,0,0,1,0,0,0,1,0,0,1,0,0,1,0,1,0,0,5,5,0,1,0,0,0,1,0,0,0,0,1,1,0,0,0,1,0,1,0,0,0,0,1,0,0,1,0,0,1,0,0,1,0,1,0,1,0,0,0,69,2,1059,8472,3,5,1,1,2,3,3,1,0.84,0,22.24,0,0,0,0,0,0,0,4,0,0,2,0,1,0,0,2,1,3,3,0,0,1,3,0,3,0.71,1,1,2.67,0,6.8,2.9,13.5,17.3,0,40.4,675
1,1,534,7,27.3,8000.811,2,1,12552,0,0,0,0,1,0,1,0,0,1,0,0,0,1,0,1,0,0,0,0,0,1,0,0,1,0,0,0,1,0,0,0,0,1,0,0,0,0,1,0,0,0,1,0,0,1,0,0,1,0,1,0,0,1,0,0,1,1,0,1,0,0,68,2,724,5792,1,4,1,1,2,3,3,1,0.84,0,15.2,0,0,0,0,0,0,0,4,0,0,2,0,1,0,0,2,1,3,3,0,0,1,3,0,3,0.71,1,1,2.67,0,3.5,2,8.4,13.4,0,27.3,230
1,1,534,8,32.9,9642.003,1,3,6180,0,0,1,0,2,0,0,1,0,0,1,0,0,1,0,0,1,0,0,1,0,0,0,0,1,0,0,0,1,0,0,0,0,0,1,0,1,0,1,0,0,1,0,1,0,0,0,0,0,0,1,0,0,1,0,0,1,0,1,0,0,0,68,2,910,7280,2,4,1,1,2,3,3,1,0.84,0,19.11,0,0,0,0,0,0,0,4,0,0,2,0,1,0,0,2,1,3,3,0,0,1,3,0,3,0.71,1,1,2.67,0,4,2.5,10.9,15.4,0,32.9,553
1,1,534,9,27.3,8000.811,1,2,1420,0,2,2,1,1,0,1,0,0,1,0,0,0,1,0,0,1,0,1,0,0,0,16,0,1,0,0,0,0,0,1,0,0,1,1,0,1,0,1,0,0,1,0,0,1,0,0,0,1,0,1,0,1,0,0,0,0,0,1,0,0,0,68,2,724,5792,1,4,1,1,2,3,3,1,0.84,0,15.2,0,0,0,0,0,0,0,4,0,0,2,0,1,0,0,2,1,3,3,0,0,1,3,0,3,0.71,1,1,2.67,0,3.5,2,8.4,13.4,0,27.3,707
1,1,534,10,41,12015.87,3,4,4584,0,3,0,1,0,0,0,1,0,0,1,0,0,1,0,0,1,0,0,1,0,0,0,0,1,0,0,0,0,1,0,0,0,0,0,0,0,0,0,0,0,0,1,0,0,1,1,0,0,0,1,0,0,1,0,0,0,0,1,0,0,0,67,2,1389,11112,3,4,1,1,2,3,3,1,0.84,0,29.17,0,0,0,0,0,0,0,4,0,0,2,0,1,0,0,2,1,3,3,0,0,1,3,0,3,0.71,1,1,2.67,0,5.7,3.1,13.5,18.8,0,41,618
1,1,534,11,32.9,9642.003,5,1,14000,0,0,0,0,0,1,0,0,0,1,0,0,1,0,0,0,0,0,1,0,0,0,12,0,0,1,0,0,0,1,0,1,0,0,0,0,1,0,1,0,0,1,0,0,1,0,0,0,1,0,1,0,0,1,0,0,0,0,0,0,1,0,68,2,910,7280,2,4,1,1,2,3,3,1,0.84,0,19.11,0,0,0,0,0,0,0,4,0,0,2,0,1,0,0,2,1,3,3,0,0,1,3,0,3,0.71,1,1,2.67,0,4,2.5,10.9,15.4,0,32.9,282
1,1,534,12,32.9,9642.003,4,6,0,0,1,2,0,3,0,1,0,0,1,0,0,1,0,0,1,0,0,1,0,0,1,0,0,0,1,0,0,1,0,0,0,0,1,1,0,1,0,0,1,0,1,0,0,1,0,0,0,1,0,1,0,0,1,0,0,0,0,1,0,0,0,68,2,910,7280,2,4,1,1,2,3,3,1,0.84,0,19.11,0,0,0,0,0,0,0,4,0,0,2,0,1,0,0,2,1,3,3,0,0,1,3,0,3,0.71,1,1,2.67,0,4,2.5,10.9,15.4,0,32.9,1276
1,1,534,13,32.9,9642.003,0.25,3,19200,0,1,1,0,1,0,1,0,0,1,0,0,1,0,0,1,0,0,1,0,0,1,0,0,1,0,0,0,0,1,0,1,0,1,0,0,1,0,1,0,1,0,0,0,1,0,0,0,1,0,0,1,0,0,1,0,0,0,1,0,0,0,68,2,910,7280,2,4,1,1,2,3,3,1,0.84,0,19.11,0,0,0,0,0,0,0,4,0,0,2,0,1,0,0,2,1,3,3,0,0,1,3,0,3,0.71,1,1,2.67,0,4,2.5,10.9,15.4,0,32.9,422
1,1,534,14,42.1,12338.247,3,4,12000,0,0,3,0,1,0,1,0,0,1,0,0,1,0,0,1,0,0,1,0,0,9,0,0,0,1,0,0,0,1,0,0,0,1,0,0,1,0,1,0,0,1,0,0,1,0,0,1,0,0,0,1,0,0,1,0,0,0,1,0,0,0,66,2,1389,11112,3,5,1,1,2,3,3,1,0.84,0,29.17,0,0,0,0,0,0,0,4,0,0,2,0,1,0,0,2,1,3,3,0,0,1,3,0,3,0.71,1,1,2.67,0,6.7,3.2,13.5,18.8,0,42.1,509
1,1,534,15,32.9,9642.003,4,1,0,0,0,0,0,1,0,0,1,0,0,1,0,0,1,0,0,1,0,0,1,0,0,0,0,1,0,0,0,0,1,0,1,1,1,1,0,1,0,1,0,0,0,1,1,0,0,0,0,1,0,1,0,0,1,0,0,0,0,0,1,0,0,68,2,910,7280,2,4,1,1,2,3,3,1,0.84,0,19.11,0,0,0,0,0,0,0,4,0,0,2,0,1,0,0,2,1,3,3,0,0,1,3,0,3,0.71,1,1,2.67,0,4,2.5,10.9,15.4,0,32.9,376
1,1,534,16,40.9,11986.563,0,2,732,0,0,1,0,0,0,0,1,0,0,1,0,0,1,0,0,1,0,0,1,0,0,0,0,1,0,0,0,0,1,0,1,0,1,1,0,1,0,1,0,0,0,1,0,1,0,1,0,0,0,1,0,0,1,0,0,1,0,1,0,0,0,67,2,1389,11112,3,4,1,1,2,3,3,1,0.84,0,29.17,0,0,0,0,0,0,0,4,0,0,2,0,1,0,0,2,1,3,3,0,0,1,3,0,3,0.71,1,1,2.67,0,5.6,3.2,13.5,18.8,0,40.9,481
1,1,534,17,32.9,9642.003,4.833,2,2988,0,0,1,0,1,0,1,0,0,1,0,0,1,0,0,1,0,0,1,0,0,1,0,0,0,1,0,0,0,1,0,1,0,1,1,0,1,0,1,0,1,0,0,0,1,0,0,0,1,0,1,0,0,1,0,0,1,0,1,0,0,0,68,2,910,7280,2,4,1,1,2,3,3,1,0.84,0,19.11,0,0,0,0,0,0,0,4,0,0,2,0,1,0,0,2,1,3,3,0,0,1,3,0,3,0.71,1,1,2.67,0,4,2.5,10.9,15.4,0,32.9,299
1,1,534,19,32.9,9642.003,1,2,7410,0,0,0,1,0,1,0,1,0,0,0,1,0,1,0,0,0,1,0,0,1,1,13,0,1,0,0,1,0,0,0,1,1,1,1,0,1,0,1,0,1,0,0,0,1,0,0,0,1,0,1,0,0,1,0,0,0,0,0,1,0,0,68,2,910,7280,2,4,1,1,2,3,3,1,0.84,0,19.11,0,0,0,0,0,0,0,4,0,0,2,0,1,0,0,2,1,3,3,0,0,1,3,0,3,0.71,1,1,2.67,0,4,2.5,10.9,15.4,0,32.9,465
1,1,534,20,40.4,11840.028,3.5,3,1600,0,0,1,0,1,1,0,1,0,1,0,0,0,1,0,0,1,0,0,1,0,0,0,0,0,1,0,0,0,1,0,1,1,1,1,0,1,0,1,0,0,1,0,0,1,0,0,0,1,0,1,0,0,1,0,0,0,0,1,0,0,0,69,2,1059,8472,3,5,1,1,2,3,3,1,0.84,0,22.24,0,0,0,0,0,0,0,4,0,0,2,0,1,0,0,2,1,3,3,0,0,1,3,0,3,0.71,1,1,2.67,0,6.8,2.9,13.5,17.3,0,40.4,923
1,1,534,21,42.2,12367.554,2,3,9000,1,0,0,1,1,0,1,0,0,1,0,0,1,0,0,1,0,0,1,0,0,5,0,0,1,0,0,0,0,1,0,0,0,1,1,0,1,0,1,0,0,0,1,0,1,0,1,0,0,0,1,0,0,1,0,0,0,0,0,1,0,0,66,2,1389,11112,3,5,1,1,2,3,3,1,0.84,0,29.17,0,0,0,0,0,0,0,4,0,0,2,0,1,0,0,2,1,3,3,0,0,1,3,0,3,0.71,1,1,2.67,0,6.8,3.2,13.5,18.8,0,42.2,566
1,1,534,22,27.4,8030.118,20,1,0,0,0,0,0,0,1,0,1,0,0,1,0,0,1,0,0,1,0,0,1,0,0,0,0,0,1,0,0,0,0,1,1,1,1,1,0,0,0,1,0,0,1,0,0,1,0,0,0,1,0,0,1,0,1,0,0,0,0,0,1,0,0,68,2,724,5792,1,4,1,1,2,3,3,1,0.84,0,15.2,0,0,0,0,0,0,0,4,0,0,2,0,1,0,0,2,1,3,3,0,0,1,3,0,3,0.71,1,1,2.67,0,3.5,2,8.4,13.4,0,27.4,366
1,1,534,23,27.4,8030.118,2.25,1,444,0,0,0,0,1,0,0,1,0,0,0,1,1,0,0,1,0,0,0,1,0,1,18,0,0,0,1,1,0,0,0,0,0,0,1,0,0,1,0,0,1,0,0,0,1,0,0,0,1,0,0,1,0,0,0,0,0,0,1,0,0,0,68,2,724,5792,1,4,1,1,2,3,3,1,0.84,0,15.2,0,0,0,0,0,0,0,4,0,0,2,0,1,0,0,2,1,3,3,0,0,1,3,0,3,0.71,1,1,2.67,0,3.5,2,8.4,13.4,0,27.4,58
1,1,534,25,46.9,13744.983,4,3,0,1,0,0,1,1,0,1,0,0,1,0,0,1,0,0,1,0,0,1,0,0,1,0,0,0,1,0,0,0,1,0,0,0,0,1,0,1,0,1,0,1,0,0,1,0,0,0,0,1,0,1,0,0,1,0,0,0,0,1,0,0,0,66,2,1774,14192,4,4,1,1,2,3,3,1,0.84,0,37.25,0,0,0,0,0,0,0,4,0,0,2,0,1,0,0,2,1,3,3,0,0,1,3,0,3,0.71,1,1,2.67,0,5.8,3.4,16,21.7,0,46.9,531
1,1,534,27,46.9,13744.983,4,4,1200,1,0,0,1,1,1,1,0,0,1,0,0,1,0,0,1,0,0,1,0,0,1,4,0,1,0,0,0,0,0,1,1,0,1,0,0,1,0,1,0,0,1,0,0,0,1,0,0,1,0,1,0,0,1,0,0,1,0,0,1,0,0,66,2,1774,14192,4,4,1,1,2,3,3,1,0.84,0,37.25,0,0,0,0,0,0,0,4,0,0,2,0,1,0,0,2,1,3,3,0,0,1,3,0,3,0.71,1,1,2.67,0,5.8,3.4,16,21.7,0,46.9,902
1,1,534,28,32.9,9642.003,5,1,9084,0,0,0,0,0,1,0,1,0,0,1,0,1,0,0,1,0,0,0,1,0,1,15,1,0,0,0,0,0,0,1,0,0,1,1,0,1,0,1,0,0,1,0,0,0,1,0,0,1,0,1,0,0,1,0,0,0,0,0,1,0,0,68,2,910,7280,2,4,1,1,2,3,3,1,0.84,0,19.11,0,0,0,0,0,0,0,4,0,0,2,0,1,0,0,2,1,3,3,0,0,1,3,0,3,0.71,1,1,2.67,0,4,2.5,10.9,15.4,0,32.9,307
1,1,534,29,32.2,9436.854,4.583,2,9912,0,0,0,0,1,1,1,0,0,1,0,0,1,0,0,0,1,0,1,0,0,1,1,0,1,0,0,1,0,0,0,0,0,0,0,0,1,0,1,0,0,1,0,0,0,1,0,0,1,1,0,0,0,0,1,0,1,0,0,0,1,0,71,2,868,6944,2,1,1,1,2,3,3,1,0.84,0,18.23,0,0,0,0,0,0,0,0,0,0,2,0,1,0,0,2,1,3,3,0,0,1,3,0,3,0.71,1,1,2.67,0,3.5,2.5,10.9,15.2,0,32.2,743
1,1,534,32,32.1,9407.547,0.167,2,8880,0,0,0,0,2,0,1,0,0,1,0,0,1,0,0,1,0,0,0,1,0,9,0,0,0,1,0,0,0,1,0,0,0,0,0,0,1,0,1,0,0,0,1,0,1,0,0,0,1,0,0,0,0,0,0,0,0,0,1,0,0,0,71,2,868,6944,2,1,1,1,2,3,3,1,0.84,0,18.23,0,0,0,0,0,0,0,0,0,0,2,0,1,0,0,2,1,3,3,0,0,1,3,0,3,0.71,1,1,2.67,0,3.3,2.6,10.9,15.2,0,32.1,666
1,1,534,33,40.4,11840.028,0.583,3,0,0,0,1,0,2,0,1,0,0,0,1,0,1,0,0,0,1,0,0,1,0,1,0,0,1,0,0,0,0,1,0,0,0,1,0,0,0,0,1,0,0,1,0,0,0,1,0,0,1,0,1,0,0,1,0,0,0,0,1,0,0,0,69,2,1059,8472,3,5,1,1,2,3,3,1,0.84,0,22.24,0,0,0,0,0,0,0,4,0,0,2,0,1,0,0,2,1,3,3,0,0,1,3,0,3,0.71,1,1,2.67,0,6.8,2.9,13.5,17.3,0,40.4,609
