Target,Model,accuracy_min,accuracy_max,accuracy_mean,accuracy_std,f1_weighted_min,f1_weighted_max,f1_weighted_mean,f1_weighted_std,precision_weighted_min,precision_weighted_max,precision_weighted_mean,precision_weighted_std,recall_weighted_min,recall_weighted_max,recall_weighted_mean,recall_weighted_std
EQUIPMUSE,LDA,0.5782073813708261,0.625,0.6046511052253768,0.016556145953902195,0.5474813300564049,0.5964003989437384,0.5756905441581214,0.016143973428141035,0.5630634057094134,0.6289355824619086,0.6027049654270819,0.019887615004055934,0.5782073813708261,0.625,0.6046511052253768,0.016556145953902195
EQUIPMUSE,KNN,0.3345070422535211,0.3866432337434095,0.3698491918116785,0.01658047879543229,0.3148051106215322,0.361733965105825,0.3425102632267371,0.01504519229226299,0.3139499827046267,0.3684667463831205,0.34432189624164233,0.016715163363481438,0.3345070422535211,0.3866432337434095,0.3698491918116785,0.01658047879543229
EQUIPMUSE,CART,0.5862676056338029,0.6397188049209139,0.6106206217975692,0.015058145720246241,0.5874412938248411,0.6384240636916945,0.6114229167008954,0.01480185570895151,0.5967930587113969,0.64232312098895,0.6176959957766928,0.01278712578066362,0.5827464788732394,0.6390845070422535,0.6109724250600262,0.01722484110258793
EQUIPMUSE,SVM,0.37785588752196836,0.38028169014084506,0.379177083591178,0.000869098684049014,0.20724238728883468,0.20954297211842485,0.20849484756071326,0.0008241917853927509,0.14277507173501439,0.14461416385637768,0.1437760160532338,0.0006588375655183603,0.37785588752196836,0.38028169014084506,0.379177083591178,0.000869098684049014
EQUIPMUSE,ADB,0.5114235500878734,0.6091549295774648,0.5495968340800514,0.030370604594966263,0.4145202314499471,0.5722521619417644,0.4770904873338481,0.04733795691007779,0.3836394168201872,0.6129862524725802,0.46998078729051507,0.08885719302648394,0.5114235500878734,0.6091549295774648,0.5495968340800514,0.030370604594966263
EQUIPMUSE,RFC,0.6256590509666081,0.6936619718309859,0.6618022723334736,0.02229536803662038,0.6068576765762994,0.6841399432430885,0.6471227543945522,0.024328448919898785,0.6273871308127977,0.6945082002130615,0.6597495507370061,0.02320130640375399,0.6256590509666081,0.6936619718309859,0.6618022723334736,0.02229536803662038
TEMPHOME,LDA,0.528169014084507,0.5887521968365553,0.5466044951607713,0.017869646556228067,0.4971347354153607,0.5706940550486448,0.5221880739960828,0.021617908856396497,0.5119067535883339,0.608361255109937,0.5564075015486605,0.035199369960420744,0.528169014084507,0.5887521968365553,0.5466044951607713,0.017869646556228067
TEMPHOME,KNN,0.32922535211267606,0.4077328646748682,0.37107292259709396,0.023312116304588706,0.3053925530375898,0.38220016323141054,0.3436422038429233,0.022589785624591446,0.2934187207969876,0.3895009554583955,0.33255382148930945,0.02667543156090884,0.32922535211267606,0.4077328646748682,0.37107292259709396,0.023312116304588706
TEMPHOME,CART,0.5528169014084507,0.6274165202108963,0.5917980643085226,0.022087449693629444,0.5551830490465757,0.6319311142768174,0.5947041178155675,0.022865319564185697,0.5632798594409681,0.6354874045502794,0.6001989096157881,0.021610864795769548,0.5500878734622144,0.6274165202108963,0.592859352954281,0.022394841460471125
TEMPHOME,SVM,0.4102112676056338,0.4119718309859155,0.41100924527834853,0.0005637672862196686,0.2386497511912926,0.2404025148396614,0.23944387314060073,0.0005611340891718122,0.1682732840706209,0.1697207895258877,0.16892891753783063,0.00046332950163961115,0.4102112676056338,0.4119718309859155,0.41100924527834853,0.0005637672862196686
TEMPHOME,ADB,0.4841549295774648,0.6133567662565905,0.547129260625263,0.03763094033451478,0.4436436567267918,0.5927403885662392,0.519911494691067,0.04353371056665728,0.47580451428028386,0.6074850445557021,0.5283748603262685,0.04191541960604295,0.4841549295774648,0.6133567662565905,0.547129260625263,0.03763094033451478
TEMPHOME,RFC,0.5950704225352113,0.6549295774647887,0.6301378128171489,0.020542071776848102,0.5665710757275252,0.6190083135799399,0.5978514866444136,0.018288304290205726,0.5941059653434121,0.6462176907599444,0.6150341033637944,0.015895858901487012,0.5950704225352113,0.6549295774647887,0.6301378128171489,0.020542071776848102
TEMPGONE,LDA,0.4780316344463972,0.5500878734622144,0.5086171687418005,0.019037476170727465,0.4495455153675799,0.5282410752267546,0.4868341017419507,0.02074485363865146,0.46488689335789507,0.5552844928943348,0.507922374365406,0.025647844088136206,0.4780316344463972,0.5500878734622144,0.5086171687418005,0.019037476170727465
TEMPGONE,KNN,0.2975352112676056,0.35563380281690143,0.3218452189410629,0.013928741570730423,0.26977267555624984,0.3254151721046816,0.2951711901655831,0.0140485263755086,0.26339919022326697,0.31466748731355776,0.2871999075569342,0.015581218990987926,0.2975352112676056,0.35563380281690143,0.3218452189410629,0.013928741570730423
TEMPGONE,CART,0.48857644991212656,0.5518453427065027,0.5198699225228347,0.02027640084707991,0.48523114194268313,0.5662937432916891,0.521027942181822,0.025683349545182182,0.4978785949803991,0.5600272330342442,0.5246468529369268,0.0234182465162452,0.49295774647887325,0.5606326889279437,0.5232149929453699,0.022978272195178933
TEMPGONE,SVM,0.3655536028119508,0.36795774647887325,0.36633858511349293,0.0008389229809199102,0.19571467023136618,0.19794895499120851,0.19644374715180618,0.0007794896112020487,0.1336294365287975,0.13539290319381075,0.1342046627347238,0.0006151535580581374,0.3655536028119508,0.36795774647887325,0.36633858511349293,0.0008389229809199102
TEMPGONE,ADB,0.5184534270650264,0.6063268892794376,0.5624310007673456,0.024742685357451527,0.5050610733757215,0.5896721287982312,0.5461760913332843,0.026325820172124686,0.4985322090886114,0.594112736429097,0.5497299095797998,0.031888000315813805,0.5184534270650264,0.6063268892794376,0.5622549444293176,0.024928777298680285
TEMPGONE,RFC,0.528169014084507,0.5746924428822495,0.5455469194782049,0.013466389528083282,0.47624049791017237,0.5221566147494634,0.49565390952552224,0.013873395572168242,0.4962243126791732,0.5811328628772651,0.5374265906614734,0.0328882875558643,0.528169014084507,0.5746924428822495,0.5455469194782049,0.013466389528083282
TEMPNITE,LDA,0.47183098591549294,0.5211267605633803,0.4959525607069482,0.01732215322635442,0.4182101643909933,0.48277758242280544,0.45083000554531144,0.022422524545070998,0.4576195631833169,0.5385874429947435,0.5015718062819634,0.027715829894197935,0.47183098591549294,0.5211267605633803,0.4959525607069482,0.01732215322635442
TEMPNITE,KNN,0.31338028169014087,0.36731107205623903,0.3318621748063071,0.017580101326013564,0.28366415003683637,0.32952010874992405,0.30589059512933886,0.01477652240982432,0.26565701901183064,0.31711272704242827,0.2955348632834031,0.015571708280521278,0.31338028169014087,0.36731107205623903,0.3318621748063071,0.017580101326013564
TEMPNITE,CART,0.5254833040421792,0.5774647887323944,0.551538404415951,0.016588199853998273,0.5219839433305677,0.5720021095538754,0.5472872871049896,0.013490514096046891,0.5381589211150677,0.5653112430444994,0.5531153718903274,0.009503092568811608,0.5184534270650264,0.5616197183098591,0.5399270402732741,0.012220660519460394
TEMPNITE,SVM,0.3503521126760563,0.352112676056338,0.3513892670610659,0.0005712830908249159,0.1817994013625429,0.18339201877934272,0.18273727456912456,0.0005167236802454247,0.12274660285657606,0.12398333663955563,0.12347474337008295,0.0004012287922413632,0.3503521126760563,0.352112676056338,0.3513892670610659,0.0005712830908249159
TEMPNITE,ADB,0.5500878734622144,0.6203866432337434,0.5826533453798362,0.026559003412334265,0.5263824485465087,0.6089016508049051,0.5700666754244228,0.028948446286224887,0.5338630174425587,0.6171309722333694,0.5727381586879188,0.02916728690709764,0.5500878734622144,0.6203866432337434,0.5826533453798362,0.026559003412334265
TEMPNITE,RFC,0.5651408450704225,0.6115992970123023,0.5819525235773163,0.012410202181572889,0.5115958191827601,0.5503195932648216,0.5248095345875983,0.01143696896173256,0.5097406314850812,0.6400126960988884,0.5763693177099376,0.04065209851012598,0.5651408450704225,0.6115992970123023,0.5819525235773163,0.012410202181572889
USEWWAC,LDA,0.8172231985940246,0.8347978910369068,0.8278221614396397,0.005656943816129286,0.8180220890977686,0.8403945515792829,0.8301651909013874,0.007106626771151579,0.8455503399998516,0.8726598018102759,0.8617929226769692,0.009951825781328862,0.8172231985940246,0.8347978910369068,0.8278221614396397,0.005656943816129286
USEWWAC,KNN,0.7147887323943662,0.7521968365553603,0.7351348424465952,0.008712248011896096,0.63851233996393,0.6767831728712606,0.6590386400645255,0.009826433629717288,0.5829818866469847,0.6542392708705824,0.618412550402392,0.01975202560432046,0.7147887323943662,0.7521968365553603,0.7351348424465952,0.008712248011896096
USEWWAC,CART,0.829225352112676,0.8681898066783831,0.8522633604792198,0.011763586599934534,0.8279427312264548,0.8648719952482004,0.8513432012610543,0.01140609903649117,0.8331643320762463,0.871369908220321,0.8540744455410609,0.012001179414937557,0.8345070422535211,0.8611599297012302,0.8508595509789846,0.008246659444984995
USEWWAC,SVM,0.7539543057996485,0.7557117750439367,0.7550125003094136,0.0007152716257410617,0.6481891727215414,0.6505626892270125,0.6496182126029595,0.0009659646327154517,0.5684470952338299,0.5711002869400575,0.5700443872369707,0.0010797354041424006,0.7539543057996485,0.7557117750439367,0.7550125003094136,0.0007152716257410617
USEWWAC,ADB,0.859402460456942,0.8644366197183099,0.8626463526324908,0.0019051443328377139,0.8182776801405975,0.8226210496811717,0.8209385561856305,0.001709767106489442,0.8002301146780291,0.8039695004559733,0.8025280101033301,0.0015000556004984922,0.859402460456942,0.8644366197183099,0.8626463526324908,0.0019051443328377139
USEWWAC,RFC,0.8626760563380281,0.8875219683655536,0.8753066288769524,0.007376187424227337,0.8491708420457384,0.8693914148018083,0.8574791448635967,0.0065340926592257365,0.8418470808628981,0.8606672342417682,0.850557515347848,0.006663940733020524,0.8626760563380281,0.8875219683655536,0.8753066288769524,0.007376187424227337
TEMPHOMEAC,LDA,0.5940246045694201,0.6397188049209139,0.62223012945865,0.015278589937288018,0.5641581808266134,0.6061349499174998,0.5877988931282829,0.014918553349182422,0.5614234800972281,0.7045566219352243,0.6469063116393967,0.0466199124872643,0.5940246045694201,0.6397188049209139,0.62223012945865,0.015278589937288018
TEMPHOMEAC,KNN,0.29173989455184535,0.3626760563380282,0.31745773410232925,0.02313624852037879,0.277596857541032,0.34825086921686044,0.30302890925513615,0.022703029298895356,0.27776443113569727,0.34868060114188193,0.3012668742718517,0.023037330712387064,0.29173989455184535,0.3626760563380282,0.31745773410232925,0.02313624852037879
TEMPHOMEAC,CART,0.6309314586994728,0.6748681898066784,0.6600392336443972,0.014266571753186517,0.6374823852381111,0.6808636033365306,0.6653867495483032,0.01185159491424864,0.6212653840255564,0.6799728577215184,0.6567000820732674,0.015555364578833802,0.6379613356766256,0.6906854130052724,0.6632063912473082,0.016012714587194252
TEMPHOMEAC,SVM,0.29525483304042177,0.2975352112676056,0.2968699720290106,0.0008407468400140033,0.13460735943226826,0.13645441168039446,0.1359152464080597,0.0006809280139285216,0.08717541643372734,0.08852720194405872,0.08813248714775454,0.000498324325171213,0.29525483304042177,0.2975352112676056,0.2968699720290106,0.0008407468400140033
TEMPHOMEAC,ADB,0.40421792618629176,0.6221441124780316,0.5626163395133543,0.059589341937119567,0.3659888036573689,0.6047947043626121,0.5377102841152069,0.06399924478888212,0.3817530187881554,0.6234979608835286,0.5409504873424558,0.06431627383580459,0.40421792618629176,0.6221441124780316,0.5626163395133543,0.059589341937119567
TEMPHOMEAC,RFC,0.6414762741652021,0.6942003514938488,0.6665480581202505,0.013400450153465863,0.6147120487160971,0.6668928808039319,0.6384431762252697,0.01334995713944232,0.629808843679056,0.6790376529459202,0.6574722567698505,0.014998280455739208,0.6414762741652021,0.6942003514938488,0.6665480581202505,0.013400450153465863
TEMPGONEAC,LDA,0.5606326889279437,0.6028119507908611,0.5777330503230278,0.012420843117181507,0.5163143689134009,0.5522195305323391,0.5334781629281742,0.010974900871390792,0.5345460584016922,0.6280446454779424,0.5620957249708574,0.028532952440007576,0.5606326889279437,0.6028119507908611,0.5777330503230278,0.012420843117181507
TEMPGONEAC,KNN,0.28646748681898065,0.3444639718804921,0.31498118765315974,0.016061592718539422,0.2816794735260571,0.33755037510478,0.31087020275437405,0.015535042817747381,0.27795397036194397,0.33233025268509675,0.30893686690742234,0.015443834142575646,0.28646748681898065,0.3444639718804921,0.31498118765315974,0.016061592718539422
TEMPGONEAC,CART,0.5975395430579965,0.6690140845070423,0.6271631104730316,0.020952476998744005,0.6028475070972907,0.6781015464835141,0.6341299899239738,0.026860668662764226,0.5883718071288673,0.6873324493569467,0.6301809277578545,0.029369454901945896,0.5869947275922671,0.6778169014084507,0.6306820713383995,0.02518111366645166
TEMPGONEAC,SVM,0.3110720562390158,0.31282952548330406,0.3119941087650684,0.0007108247987962839,0.1476132813788359,0.14908609246593874,0.14838575381607028,0.0005958158759083097,0.09676582417276941,0.09786231201410918,0.09734082917600392,0.0004436244020221149,0.3110720562390158,0.31282952548330406,0.3119941087650684,0.0007108247987962839
TEMPGONEAC,ADB,0.3268892794376098,0.6073943661971831,0.4651909700735167,0.07789717359848551,0.19013145061784284,0.5519232683129349,0.3787793351387066,0.09995774784205626,0.2593454325479197,0.5825663153303422,0.4006879606995497,0.10123777560559367,0.3268892794376098,0.6073943661971831,0.4651909700735167,0.07789717359848551
TEMPGONEAC,RFC,0.6151142355008787,0.648506151142355,0.6350704844179311,0.009096038884844055,0.5818666011782451,0.6221243859612802,0.608568258345246,0.012611061713198892,0.5809653197054723,0.6446081337545857,0.6188534922924198,0.020909941392174124,0.6151142355008787,0.648506151142355,0.6350704844179311,0.009096038884844055
TEMPNITEAC,LDA,0.5043936731107206,0.5571177504393673,0.5339442189163097,0.017298983906823474,0.4376162807064117,0.5008581081149294,0.466997017180787,0.020888181811852372,0.48460132169830583,0.5879458569599415,0.5286719716725912,0.03501205387293501,0.5043936731107206,0.5571177504393673,0.5339442189163097,0.017298983906823474
TEMPNITEAC,KNN,0.281195079086116,0.31282952548330406,0.29668989331419093,0.012495043203024823,0.26629916378456875,0.3039174606684531,0.2820624606315699,0.01126836709990827,0.2614310849790772,0.30999928794701587,0.27831945372247047,0.013561811011250759,0.281195079086116,0.31282952548330406,0.29668989331419093,0.012495043203024823
TEMPNITEAC,CART,0.579225352112676,0.653169014084507,0.6125529097254883,0.02112200947002476,0.5729390770479689,0.6502082331391202,0.6112217106752411,0.01918019898577527,0.5838336603203446,0.6524027145766235,0.6127245328591593,0.02129586684035013,0.5651408450704225,0.6637323943661971,0.6090348771009183,0.02585632299273425
TEMPNITEAC,SVM,0.3110720562390158,0.31338028169014087,0.31252258719275233,0.0009765916694947931,0.1476132813788359,0.14954876713363288,0.14882931900688554,0.0008188078403777839,0.09676582417276941,0.09820720095219203,0.09767132123694039,0.0006097438402665591,0.3110720562390158,0.31338028169014087,0.31252258719275233,0.0009765916694947931
TEMPNITEAC,ADB,0.5123239436619719,0.6397188049209139,0.5742014035000866,0.04370448580787411,0.50166645063661,0.6212998403809407,0.5713282966067648,0.03820286096885757,0.499294398496147,0.6217130020801843,0.5887315177967227,0.038623693147676885,0.5123239436619719,0.6397188049209139,0.5742014035000866,0.04370448580787411
TEMPNITEAC,RFC,0.602112676056338,0.664323374340949,0.6338284982301542,0.01760867107153276,0.576919234448568,0.6377871962183931,0.60709896650102,0.01847517900355731,0.5848267900197601,0.6720628078186109,0.6309724447813957,0.02630563082944835,0.602112676056338,0.664323374340949,0.6338284982301542,0.01760867107153276
HHAGE,LDA,0.5606326889279437,0.6115992970123023,0.5858270006683333,0.017085775541579126,0.5197260501833237,0.5705038474755828,0.5461501909350288,0.01907805577642352,0.6119599462373723,0.6828630118366579,0.6365386405830895,0.019540315975454657,0.5606326889279437,0.6115992970123023,0.5858270006683333,0.017085775541579126
HHAGE,KNN,0.38380281690140844,0.4288224956063269,0.40379990841357455,0.015383364981043758,0.36819285529363494,0.4078076094560901,0.3879172905476397,0.01299448201751708,0.3665698542021897,0.40468083188272114,0.38847368997599707,0.014062817266527977,0.38380281690140844,0.4288224956063269,0.40379990841357455,0.015383364981043752
HHAGE,CART,0.5026362038664324,0.5387323943661971,0.5165353721626773,0.01122738737864316,0.4926288905319661,0.5421123880312987,0.5231452801053671,0.015527399339854584,0.493588326915032,0.5533218601869545,0.522456954173838,0.019602002672653586,0.4903339191564148,0.546572934973638,0.5195209039827718,0.02020728557723895
HHAGE,SVM,0.38137082601054484,0.38380281690140844,0.3832223569890344,0.0006942722702949071,0.2105788021483161,0.21289825466795684,0.21234420668881687,0.000662206289313226,0.14544370693196526,0.14730460226145606,0.14685985691021625,0.0005313194707084843,0.38137082601054484,0.38380281690140844,0.3832223569890344,0.0006942722702949071
HHAGE,ADB,0.5272407732864675,0.6397188049209139,0.586874056288522,0.03290973887789785,0.5272960151273075,0.6408473951473491,0.5882132204958797,0.03303000266677389,0.5391845266625582,0.6464666081542336,0.5956387305621226,0.030956723241070738,0.5272407732864675,0.6397188049209139,0.586874056288522,0.03290973887789785
HHAGE,RFC,0.5827464788732394,0.648506151142355,0.609385442708978,0.020475338003510753,0.5612461759924045,0.6317945613129091,0.5893249296993309,0.02225977956526226,0.5914846529123067,0.6681346473657769,0.6237010081570329,0.02427599175670265,0.5827464788732394,0.648506151142355,0.609385442708978,0.020475338003510753
EMPLOYHH,LDA,0.6783831282952548,0.7240773286467487,0.7006745216465754,0.015401688364804031,0.6381217855934455,0.6803530871232731,0.6588202883638135,0.014478144284827398,0.6045400159555135,0.645040799020599,0.625091660568593,0.014427732319064105,0.6783831282952548,0.7240773286467487,0.7006745216465754,0.015401688364804031
EMPLOYHH,KNN,0.45774647887323944,0.5114235500878734,0.4813581400529716,0.016452468462545868,0.4342646751762279,0.48583043779617874,0.45667261517010915,0.016447074694397323,0.41349937862468933,0.49195384707357953,0.44283860647357975,0.02541391594414911,0.45774647887323944,0.5114235500878734,0.4813581400529716,0.016452468462545868
EMPLOYHH,CART,0.5887521968365553,0.648506151142355,0.6144907670981955,0.014909507750640597,0.5911108865153668,0.6300662473093561,0.6149212978208843,0.01227285962447241,0.5922760410786881,0.6577571549001957,0.6182313236712912,0.019613008589906868,0.5922671353251318,0.6379613356766256,0.6183587465036263,0.013878233354330635
EMPLOYHH,SVM,0.47627416520210897,0.477112676056338,0.47660956954380057,0.0004107847473292766,0.30731023516612266,0.30821820074199663,0.3076734213964722,0.0004448104729807023,0.2268370804389658,0.2276365056536401,0.22715685052483553,0.0003916367726933869,0.47627416520210897,0.477112676056338,0.47660956954380057,0.0004107847473292766
EMPLOYHH,ADB,0.6818980667838312,0.7464788732394366,0.7135158048466547,0.017197651602284487,0.6555861584948101,0.7167496827671139,0.6844781988199915,0.01698836921983684,0.6398508161644012,0.7134044697473643,0.6751518528321698,0.02011549081544257,0.6818980667838312,0.7464788732394366,0.7135158048466547,0.017197651602284487
EMPLOYHH,RFC,0.6942003514938488,0.7306338028169014,0.7080589866085794,0.011748059511969005,0.6522042729950281,0.6884216481929385,0.6654393354063888,0.011482678416342432,0.6180123642580101,0.7617823711818235,0.6511163466272214,0.04966203687685725,0.6942003514938488,0.7306338028169014,0.7080589866085794,0.011748059511969005
EDUCATION,LDA,0.3626760563380282,0.44639718804920914,0.39763638951459196,0.023276464546935615,0.30928994960208284,0.40208163940469444,0.3520460913394876,0.02589316554486545,0.3581257592904257,0.4771325530788847,0.4043063314626522,0.03520459532787265,0.3626760563380282,0.44639718804920914,0.39763638951459196,0.023276464546935615
EDUCATION,KNN,0.24956063268892795,0.3022847100175747,0.2817399564345652,0.018061413127202476,0.24137148409499806,0.287322942378282,0.2696791965614979,0.01658973611426861,0.23839020057060345,0.28544785810655743,0.26879177200385745,0.016845836515488734,0.24956063268892795,0.3022847100175747,0.2817399564345652,0.018061413127202476
EDUCATION,CART,0.27768014059753954,0.3573943661971831,0.3063726824921409,0.021944085908728407,0.2739834941490365,0.33649083678046743,0.3089618147627554,0.017446651210464646,0.2947001547468889,0.32952686638585305,0.3088386012369302,0.00998765472687127,0.28998242530755713,0.3257042253521127,0.30742654521151513,0.011938544227849481
EDUCATION,SVM,0.3321616871704745,0.3339191564147627,0.3332743384737246,0.0006656941369236136,0.16564263555466935,0.16717955130119871,0.1666154230972602,0.0005823366185998853,0.11033138642393617,0.11150200302074677,0.11107222783378268,0.00044362369831571404,0.3321616871704745,0.3339191564147627,0.3332743384737246,0.0006656941369236136
EDUCATION,ADB,0.34797891036906853,0.4077328646748682,0.3839234882051536,0.019633485632948477,0.34564559064928274,0.4077117788981206,0.38254719748045896,0.019764914694722018,0.34985948981780235,0.41435032411028855,0.38611825812376477,0.02032434098251638,0.34797891036906853,0.4077328646748682,0.3839234882051536,0.019633485632948477
EDUCATION,RFC,0.3767605633802817,0.4305799648506151,0.4002738310354216,0.01509370573184299,0.34918693472694873,0.3925694703981936,0.3706523270494534,0.013588090526612273,0.3760638287973082,0.4240789675530649,0.4061353798438542,0.012385150223338073,0.3767605633802817,0.4305799648506151,0.4002738310354216,0.01509370573184299
NHSLDMEM,LDA,0.5563380281690141,1.0,0.9552823089680438,0.13298323342923826,0.5448559299314859,1.0,0.954134099144291,0.13642781728876424,0.5778615722223313,1.0,0.9574346633733753,0.1265262624048907,0.5563380281690141,1.0,0.9552823089680438,0.13298323342923826
NHSLDMEM,KNN,0.5088028169014085,0.5571177504393673,0.5337625931334934,0.014864584373996891,0.4831343730019409,0.5316670875920186,0.5087097983077363,0.016121581914080432,0.4694219445466759,0.5281196130204084,0.49975621568634193,0.020878695061821835,0.5088028169014085,0.5571177504393673,0.5337625931334934,0.014864584373996891
NHSLDMEM,CART,0.9911971830985915,0.9964850615114236,0.9947235698903439,0.00176056938909442,0.9905865427510551,0.9974436810992171,0.9940357950212146,0.002154045721376047,0.9915395148669797,1.0,0.9947746275321061,0.0024306147216442567,0.9911971830985915,0.9964788732394366,0.9933166662541153,0.0017248763340713986
NHSLDMEM,SVM,0.36731107205623903,0.36971830985915494,0.3688012079506919,0.0010119397192342684,0.19734707984512584,0.19959086136355408,0.1987357652946801,0.0009431564696093495,0.13491742365510362,0.1366916286451101,0.1360153550078848,0.0007457389802531135,0.36731107205623903,0.36971830985915494,0.3688012079506919,0.0010119397192342684
NHSLDMEM,ADB,0.36731107205623903,0.36971830985915494,0.3688012079506919,0.0010119397192342684,0.19734707984512584,0.19959086136355408,0.19878691807685295,0.0009619975859720873,0.13491742365510362,0.1366916286451101,0.13606331683470793,0.0007642979632401005,0.36731107205623903,0.36971830985915494,0.3688012079506919,0.0010119397192342684
NHSLDMEM,RFC,0.7293497363796133,0.772887323943662,0.7567715166216986,0.012885634995964675,0.6915728725206672,0.7378319986181326,0.7229965106447509,0.014516030793381082,0.672670496001857,0.7497500754242461,0.7126083870471567,0.022208370630758676,0.7293497363796133,0.772887323943662,0.7567715166216986,0.012885634995964675
NUMADULT,LDA,0.6091549295774648,1.0,0.9607394366197182,0.11719601114698458,0.5737929941744927,1.0,0.9572032430794211,0.12780449419678824,0.5516589524225457,1.0,0.9549898389042264,0.1344446534852131,0.6091549295774648,1.0,0.9607394366197182,0.11719601114698458
NUMADULT,KNN,0.616871704745167,0.6678383128295254,0.6366481843609991,0.015060461001307033,0.5789740230340635,0.6324146362993887,0.5988749598011317,0.015606069870356261,0.5646494306997095,0.6187575686696951,0.5875915433925618,0.017838854580456885,0.616871704745167,0.6678383128295254,0.6366481843609991,0.015060461001307033
NUMADULT,CART,0.9859402460456942,0.9982425307557118,0.9934930320057427,0.003854745602833044,0.9868865074041016,0.9982473433125626,0.9930287263828326,0.003554416049257793,0.9879680951737191,0.99831279342723,0.99287233899536,0.0032703655495392565,0.9894551845342706,0.9982394366197183,0.9940215104334265,0.0026291016826952163
NUMADULT,SVM,0.5440140845070423,0.5448154657293497,0.5444949132404266,0.00039259501682022406,0.3833531405078131,0.38428394624823303,0.383911623952065,0.00045599982273646236,0.29595132414203534,0.29682389169788825,0.2964748646755471,0.00042746905558941814,0.5440140845070423,0.5448154657293497,0.5444949132404266,0.00039259501682022406
NUMADULT,ADB,0.7535211267605634,0.7869718309859155,0.7696100150993835,0.009752452271960414,0.696783984551317,0.7365098263851949,0.7123717025140733,0.011442965385858412,0.663284869787506,0.7249956185074247,0.6881400322824655,0.020515779962135355,0.7535211267605634,0.7869718309859155,0.7697857620238123,0.009832627245537332
NUMADULT,RFC,0.7588028169014085,0.7869718309859155,0.7740046164509022,0.008270474384974894,0.6947800984605293,0.725079339084994,0.7107046441899156,0.00907968204661593,0.6905099780377764,0.7672005247106404,0.7218324830401993,0.023574978947405192,0.7588028169014085,0.7869718309859155,0.7740046164509022,0.008270474384974894
NUMCHILD,LDA,0.6818980667838312,1.0,0.9676625659050966,0.09525807554841509,0.6359241760926557,1.0,0.963065176835979,0.10904983265767558,0.6460486341598717,1.0,0.9640776226427008,0.10601257638814562,0.6818980667838312,1.0,0.9676625659050966,0.09525807554841509
NUMCHILD,KNN,0.6520210896309314,0.698943661971831,0.6739411866630362,0.015485752960708032,0.5859504182462211,0.6505444067491174,0.6200661757037962,0.020169355887936377,0.55137623649527,0.6312136310891425,0.5901690457815798,0.02551471913797827,0.6520210896309314,0.698943661971831,0.6739411866630362,0.015485752960708032
NUMCHILD,CART,0.9806338028169014,1.0,0.9927878784128321,0.0048830876395469635,0.9782187266100382,1.0,0.991720872977092,0.005472794513493811,0.9796009895580379,1.0,0.9936941085625062,0.005632940494935307,0.9841549295774648,1.0,0.9927888066536301,0.00389310166451057
NUMCHILD,SVM,0.6748681898066784,0.6766256590509666,0.6760464367929899,0.000641787952199098,0.5438601991306705,0.5461234355023525,0.5453774088193584,0.0008264808870400716,0.4554470736129429,0.45782228248615486,0.45703919659227366,0.0008673683586431339,0.6748681898066784,0.6766256590509666,0.6760464367929899,0.000641787952199098
NUMCHILD,ADB,0.6619718309859155,0.727112676056338,0.6929320651501275,0.01933789050915877,0.6421825339352661,0.6850045609366238,0.6605885789802185,0.011833925119890005,0.6404775966735047,0.686685394264698,0.6751470498280668,0.012362396453958275,0.6619718309859155,0.727112676056338,0.6929320651501275,0.01933789050915877
NUMCHILD,RFC,0.7223198594024605,0.7557117750439367,0.745515668704671,0.0102438740337949,0.6606926104090238,0.7003341849886233,0.6888368023478895,0.011632325202738268,0.6300915457860085,0.7201542529706761,0.6791766285233855,0.02341311564037468,0.7223198594024605,0.7557117750439367,0.745515668704671,0.0102438740337949
ATHOME,LDA,0.5140845070422535,0.5651408450704225,0.5430821307458106,0.016388211721610004,0.4618335533002338,0.5092792082792066,0.4850250098523941,0.013927451219119598,0.438602340247241,0.5671462670252283,0.47792753835926655,0.03906533619650061,0.5140845070422535,0.5651408450704225,0.5430821307458106,0.016388211721610004
ATHOME,KNN,0.4182776801405975,0.4612676056338028,0.4338786232332484,0.01304931131154415,0.3796064279292519,0.40453407970994054,0.39031740195860876,0.008267263785365237,0.3513911032578568,0.373013533291517,0.3601996282611504,0.0074630327039652425,0.4182776801405975,0.4612676056338028,0.4338786232332484,0.013049311311544154
ATHOME,CART,0.40597539543058,0.4665492957746479,0.43933451323052547,0.017977226389769705,0.4200596105952363,0.4570214771098825,0.43966474928287064,0.010388778497976465,0.428997449976338,0.4727570218416987,0.4488375930496054,0.012036922963126969,0.4007029876977153,0.46830985915492956,0.4377487685338746,0.01924951657520609
ATHOME,SVM,0.5528169014084507,0.5545774647887324,0.5538166167479392,0.0005486688373916287,0.3936156622273323,0.39567814588550554,0.39478657437458275,0.0006428559820281806,0.30560652648284076,0.3075561644514977,0.30671314602362704,0.0006077719630735925,0.5528169014084507,0.5545774647887324,0.5538166167479392,0.0005486688373916287
ATHOME,ADB,0.5422535211267606,0.5992970123022847,0.5761513280031684,0.016902649506339927,0.4652525335698271,0.5144519081595113,0.4911534448223704,0.013672274237361788,0.41364628611632887,0.4736584336476621,0.44552426264712874,0.01727156182123094,0.5422535211267606,0.5992970123022847,0.5761513280031684,0.016902649506339927
ATHOME,RFC,0.5571177504393673,0.5852372583479789,0.5736899428203668,0.00819829165006174,0.4334930559085476,0.4644579336194094,0.4517959502090654,0.009635804348050548,0.3732411586856911,0.5693621697576003,0.42388482178301895,0.060491741934323384,0.5571177504393673,0.5852372583479789,0.5736899428203668,0.00819829165006174
MONEYPY,LDA,0.2887323943661972,0.3221830985915493,0.30847638555409784,0.009843611564280657,0.2785113780921004,0.3064591646663621,0.29063705410092777,0.008718177394387733,0.3041359030845313,0.3473916842266955,0.3228384512219882,0.011500809929486955,0.2887323943661972,0.3221830985915493,0.30847638555409784,0.009843611564280657
MONEYPY,KNN,0.1936619718309859,0.23550087873462214,0.2145579098492537,0.013806850349176164,0.178515566672297,0.2193846510229893,0.19814712659025469,0.014304384527060102,0.1711447262699912,0.21326850266206704,0.19423274964463777,0.0160576652283902,0.1936619718309859,0.23550087873462214,0.2145579098492537,0.013806850349176164
MONEYPY,CART,0.22359154929577466,0.29577464788732394,0.25993124829822517,0.020689690960321847,0.24313567486025597,0.2926971973053205,0.2639358475020136,0.015573471232208565,0.21419140404731585,0.2847064564401784,0.25535357055608177,0.023637581611988513,0.22671353251318102,0.28295254833040423,0.2567671848313077,0.017772479991531857
MONEYPY,SVM,0.22144112478031636,0.22359154929577466,0.222300675759301,0.0009133319241827807,0.08029232150307875,0.08171547269226873,0.08086087098243068,0.0006043720416289409,0.04903617174397164,0.049993180916484824,0.049418424618245596,0.00040639748792561107,0.22144112478031636,0.22359154929577466,0.222300675759301,0.0009133319241827807
MONEYPY,ADB,0.2887323943661972,0.3714788732394366,0.3387249684398128,0.021019568822988745,0.27325081550498836,0.34789694377291286,0.3186888236489339,0.01944384637474646,0.2664330590491633,0.3467626618142257,0.3143858609627808,0.021173228345542954,0.2887323943661972,0.3714788732394366,0.3387249684398128,0.021019568822988745
MONEYPY,RFC,0.3251318101933216,0.36619718309859156,0.3469912621599545,0.013147832296823427,0.28489447673688784,0.32351479757795926,0.30696368720130524,0.01325792234323344,0.27701886943642434,0.35284984303643724,0.3066842535550811,0.02163399120376642,0.3251318101933216,0.36619718309859156,0.3469912621599545,0.013147832296823427
