EQUIPMUSE,LDA,accuracy,0.5992970123022847,0.5922671353251318,0.5782073813708261,0.5782073813708261,0.616871704745167,0.616871704745167,0.602112676056338,0.6232394366197183,0.625,0.6144366197183099
EQUIPMUSE,LDA,f1_weighted,0.5740594415973741,0.5568864492150212,0.5581580634675533,0.5474813300564049,0.5873582776444701,0.5881668555439222,0.5713580295744228,0.5947757339500854,0.5964003989437384,0.5822608615882222
EQUIPMUSE,LDA,precision_weighted,0.6104902241219196,0.5822759303341797,0.5784757251963674,0.5630634057094134,0.6110867307244067,0.6129989356597643,0.6057401962065992,0.6212938778542929,0.6289355824619086,0.6126890460019669
EQUIPMUSE,LDA,recall_weighted,0.5992970123022847,0.5922671353251318,0.5782073813708261,0.5782073813708261,0.616871704745167,0.616871704745167,0.602112676056338,0.6232394366197183,0.625,0.6144366197183099
EQUIPMUSE,KNN,accuracy,0.35500878734622143,0.37785588752196836,0.3866432337434095,0.37082601054481545,0.37961335676625657,0.3866432337434095,0.38204225352112675,0.3503521126760563,0.3345070422535211,0.375
EQUIPMUSE,KNN,f1_weighted,0.3268924831692825,0.3450428180746781,0.361733965105825,0.3302288013674075,0.34908296437411135,0.36166221591860787,0.3557301007003746,0.3319764581828077,0.3148051106215322,0.34794771475274455
EQUIPMUSE,KNN,precision_weighted,0.3248290445503003,0.34849120181982374,0.35941606798396514,0.3279422385749275,0.34967687707524947,0.3634267015125941,0.3684667463831205,0.34369816074924464,0.3139499827046267,0.3433219410625713
EQUIPMUSE,KNN,recall_weighted,0.35500878734622143,0.37785588752196836,0.3866432337434095,0.37082601054481545,0.37961335676625657,0.3866432337434095,0.38204225352112675,0.3503521126760563,0.3345070422535211,0.375
EQUIPMUSE,CART,accuracy,0.6221441124780316,0.6397188049209139,0.6080843585237259,0.6045694200351494,0.6028119507908611,0.5975395430579965,0.6267605633802817,0.6179577464788732,0.6003521126760564,0.5862676056338029
EQUIPMUSE,CART,f1_weighted,0.6206023938840001,0.6267866761381585,0.5955116058234023,0.6167676093079496,0.5976715911267377,0.6038444800794998,0.6384240636916945,0.6173847169968826,0.6097947361357889,0.5874412938248411
EQUIPMUSE,CART,precision_weighted,0.6266819335819429,0.64232312098895,0.6116371922643515,0.6264895063213515,0.6186554695240641,0.5979589339064167,0.620150749899093,0.6180565254215058,0.5967930587113969,0.6182134671478557
EQUIPMUSE,CART,recall_weighted,0.6151142355008787,0.6221441124780316,0.6151142355008787,0.6256590509666081,0.5940246045694201,0.6045694200351494,0.6390845070422535,0.6232394366197183,0.5827464788732394,0.5880281690140845
EQUIPMUSE,SVM,accuracy,0.37785588752196836,0.37785588752196836,0.37961335676625657,0.37961335676625657,0.37961335676625657,0.37961335676625657,0.38028169014084506,0.38028169014084506,0.3785211267605634,0.3785211267605634
EQUIPMUSE,SVM,f1_weighted,0.20724238728883468,0.20724238728883468,0.20890824219493356,0.20890824219493356,0.20890824219493356,0.20890824219493356,0.20954297211842485,0.20954297211842485,0.20787239400643961,0.20787239400643961
EQUIPMUSE,SVM,precision_weighted,0.14277507173501439,0.14277507173501439,0.1441063006353452,0.1441063006353452,0.1441063006353452,0.1441063006353452,0.14461416385637768,0.14461416385637768,0.14327824340408649,0.14327824340408649
EQUIPMUSE,SVM,recall_weighted,0.37785588752196836,0.37785588752196836,0.37961335676625657,0.37961335676625657,0.37961335676625657,0.37961335676625657,0.38028169014084506,0.38028169014084506,0.3785211267605634,0.3785211267605634
EQUIPMUSE,ADB,accuracy,0.5307557117750439,0.5114235500878734,0.5659050966608085,0.5483304042179262,0.5940246045694201,0.539543057996485,0.6091549295774648,0.545774647887324,0.5123239436619719,0.5387323943661971
EQUIPMUSE,ADB,f1_weighted,0.44867662334865516,0.4145202314499471,0.5226403385996712,0.4649877922954141,0.5372528880466692,0.45630807765849435,0.5722521619417644,0.46172447809328976,0.4357300999613644,0.4568121819432116
EQUIPMUSE,ADB,precision_weighted,0.39408113387427257,0.5437593232736013,0.6129862524725802,0.4094753601164466,0.5487961516691927,0.40028998242530756,0.5983182340354612,0.40469945177135686,0.3836394168201872,0.40376256644674546
EQUIPMUSE,ADB,recall_weighted,0.5307557117750439,0.5114235500878734,0.5659050966608085,0.5483304042179262,0.5940246045694201,0.539543057996485,0.6091549295774648,0.545774647887324,0.5123239436619719,0.5387323943661971
EQUIPMUSE,RFC,accuracy,0.6590509666080844,0.6625659050966608,0.6256590509666081,0.680140597539543,0.6449912126537786,0.6906854130052724,0.6338028169014085,0.6778169014084507,0.6496478873239436,0.6936619718309859
EQUIPMUSE,RFC,f1_weighted,0.6468115873098733,0.6453311100479162,0.6068576765762994,0.6651877641345553,0.6284383905595552,0.6788772847369101,0.6173296897753454,0.6622498795471724,0.6360042180148066,0.6841399432430885
EQUIPMUSE,RFC,precision_weighted,0.6577331180061985,0.6591722399382898,0.6273871308127977,0.6786727289929997,0.6307217960726929,0.6945082002130615,0.6356089832687081,0.6729494227629041,0.648693903346821,0.6920479839555878
EQUIPMUSE,RFC,recall_weighted,0.6590509666080844,0.6625659050966608,0.6256590509666081,0.680140597539543,0.6449912126537786,0.6906854130052724,0.6338028169014085,0.6778169014084507,0.6496478873239436,0.6936619718309859
TEMPHOME,LDA,accuracy,0.5448154657293497,0.5342706502636204,0.5448154657293497,0.5360281195079086,0.5377855887521968,0.5887521968365553,0.5686619718309859,0.528169014084507,0.551056338028169,0.5316901408450704
TEMPHOME,LDA,f1_weighted,0.5213144991786124,0.5060850590253011,0.5281802392541569,0.507011851940831,0.5136479979417473,0.5706940550486448,0.5496946719777398,0.4971347354153607,0.5241788532456055,0.5039387769328292
TEMPHOME,LDA,precision_weighted,0.5494436845950701,0.5119067535883339,0.5640567635777115,0.5274252928800546,0.5554621432898693,0.608361255109937,0.5982890390015012,0.5177899761138945,0.6065700115302075,0.5247700958000254
TEMPHOME,LDA,recall_weighted,0.5448154657293497,0.5342706502636204,0.5448154657293497,0.5360281195079086,0.5377855887521968,0.5887521968365553,0.5686619718309859,0.528169014084507,0.551056338028169,0.5316901408450704
TEMPHOME,KNN,accuracy,0.37609841827768015,0.36906854130052724,0.36379613356766255,0.3954305799648506,0.3936731107205624,0.4077328646748682,0.3591549295774648,0.3767605633802817,0.3397887323943662,0.32922535211267606
TEMPHOME,KNN,f1_weighted,0.347359866652132,0.34141763025384225,0.33727434444037996,0.3629749924522613,0.3698309377355673,0.38220016323141054,0.33147096532701986,0.3446111680804119,0.31388941721861835,0.3053925530375898
TEMPHOME,KNN,precision_weighted,0.3332337567776641,0.3239286821204137,0.3234549056444785,0.3431259585980923,0.36304051663618847,0.3895009554583955,0.3304192769466819,0.32593852494506415,0.2994769169691286,0.2934187207969876
TEMPHOME,KNN,recall_weighted,0.37609841827768015,0.36906854130052724,0.36379613356766255,0.3954305799648506,0.3936731107205624,0.4077328646748682,0.3591549295774648,0.3767605633802817,0.3397887323943662,0.32922535211267606
TEMPHOME,CART,accuracy,0.5975395430579965,0.6151142355008787,0.6045694200351494,0.5782073813708261,0.5641476274165202,0.6274165202108963,0.6073943661971831,0.5915492957746479,0.5528169014084507,0.579225352112676
TEMPHOME,CART,f1_weighted,0.6030943979088066,0.6137776665236858,0.6040002439047553,0.5641891389555775,0.5551830490465757,0.6163574362125052,0.6319311142768174,0.5905010028939268,0.5764819545881752,0.5915251738448506
TEMPHOME,CART,precision_weighted,0.6251578647148696,0.6131958426198753,0.5920564021155399,0.574232837618269,0.5632798594409681,0.6354874045502794,0.6172250909890933,0.5934819897344481,0.5863156918165906,0.6015561125579482
TEMPHOME,CART,recall_weighted,0.5957820738137083,0.6203866432337434,0.5940246045694201,0.5711775043936731,0.5500878734622144,0.6274165202108963,0.602112676056338,0.6056338028169014,0.5704225352112676,0.5915492957746479
TEMPHOME,SVM,accuracy,0.4112478031634446,0.4112478031634446,0.4112478031634446,0.4112478031634446,0.4112478031634446,0.4112478031634446,0.4119718309859155,0.4102112676056338,0.4102112676056338,0.4102112676056338
TEMPHOME,SVM,f1_weighted,0.2396811604987448,0.2396811604987448,0.2396811604987448,0.2396811604987448,0.2396811604987448,0.2396811604987448,0.2404025148396614,0.2386497511912926,0.2386497511912926,0.2386497511912926
TEMPHOME,SVM,precision_weighted,0.1691247556067593,0.1691247556067593,0.1691247556067593,0.1691247556067593,0.1691247556067593,0.1691247556067593,0.1697207895258877,0.1682732840706209,0.1682732840706209,0.1682732840706209
TEMPHOME,SVM,recall_weighted,0.4112478031634446,0.4112478031634446,0.4112478031634446,0.4112478031634446,0.4112478031634446,0.4112478031634446,0.4119718309859155,0.4102112676056338,0.4102112676056338,0.4102112676056338
TEMPHOME,ADB,accuracy,0.5307557117750439,0.5852372583479789,0.6133567662565905,0.5307557117750439,0.539543057996485,0.5061511423550088,0.5845070422535211,0.5669014084507042,0.4841549295774648,0.5299295774647887
TEMPHOME,ADB,f1_weighted,0.5047547906992179,0.569525768006736,0.5927403885662392,0.4939967263737449,0.4971156407751673,0.4867076705839441,0.554414340716451,0.5556867382380869,0.4436436567267918,0.5005292262242911
TEMPHOME,ADB,precision_weighted,0.4939040195415907,0.5847721656293865,0.6074850445557021,0.4938730415418889,0.49981350518101975,0.5137201498862282,0.5500235810614016,0.5591912002274598,0.47580451428028386,0.5051613813577224
TEMPHOME,ADB,recall_weighted,0.5307557117750439,0.5852372583479789,0.6133567662565905,0.5307557117750439,0.539543057996485,0.5061511423550088,0.5845070422535211,0.5669014084507042,0.4841549295774648,0.5299295774647887
TEMPHOME,RFC,accuracy,0.6502636203866432,0.6397188049209139,0.6362038664323374,0.6362038664323374,0.6063268892794376,0.648506151142355,0.6338028169014085,0.6549295774647887,0.6003521126760564,0.5950704225352113
TEMPHOME,RFC,f1_weighted,0.6186623134471282,0.6014469024916552,0.6042959369612488,0.6040368303259734,0.5831594481187684,0.6181851030800796,0.5923805796871652,0.6190083135799399,0.5707683630246514,0.5665710757275252
TEMPHOME,RFC,precision_weighted,0.6319790749342717,0.6156783421810935,0.6046628703723242,0.6170430996689326,0.6106921433466234,0.6302318682528378,0.597966850667734,0.6462176907599444,0.5941059653434121,0.6017631281107698
TEMPHOME,RFC,recall_weighted,0.6502636203866432,0.6397188049209139,0.6362038664323374,0.6362038664323374,0.6063268892794376,0.648506151142355,0.6338028169014085,0.6549295774647887,0.6003521126760564,0.5950704225352113
TEMPGONE,LDA,accuracy,0.5254833040421792,0.5166959578207382,0.4973637961335677,0.5500878734622144,0.4780316344463972,0.4868189806678383,0.5052816901408451,0.5088028169014085,0.5070422535211268,0.5105633802816901
TEMPGONE,LDA,f1_weighted,0.507821125719345,0.49968574373611224,0.48159094649990114,0.5282410752267546,0.4495455153675799,0.464060599831074,0.4841901210511064,0.48437688667269796,0.4877336118877865,0.4810953914271493
TEMPGONE,LDA,precision_weighted,0.5374508217537569,0.5186742127636607,0.4937971101423561,0.5552844928943348,0.46488689335789507,0.47558589312620025,0.4993104900510382,0.5210549813216215,0.5065173319285247,0.5066615163146725
TEMPGONE,LDA,recall_weighted,0.5254833040421792,0.5166959578207382,0.4973637961335677,0.5500878734622144,0.4780316344463972,0.4868189806678383,0.5052816901408451,0.5088028169014085,0.5070422535211268,0.5105633802816901
TEMPGONE,KNN,accuracy,0.3163444639718805,0.3145869947275923,0.3268892794376098,0.3233743409490334,0.3145869947275923,0.3233743409490334,0.35563380281690143,0.31866197183098594,0.3274647887323944,0.2975352112676056
TEMPGONE,KNN,f1_weighted,0.28329763175124556,0.2864017499291997,0.29524491990158197,0.30176090269961237,0.2942232184174443,0.29919865595279616,0.3254151721046816,0.2905478166216588,0.30584915872136076,0.26977267555624984
TEMPGONE,KNN,precision_weighted,0.2717906966617676,0.27452971381076474,0.28113268082074844,0.29384673949868445,0.2881270997451866,0.2966077444422981,0.31466748731355776,0.27899278041420433,0.3089049426388632,0.26339919022326697
TEMPGONE,KNN,recall_weighted,0.3163444639718805,0.3145869947275923,0.3268892794376098,0.3233743409490334,0.3145869947275923,0.3233743409490334,0.35563380281690143,0.31866197183098594,0.3274647887323944,0.2975352112676056
TEMPGONE,CART,accuracy,0.539543057996485,0.5360281195079086,0.48857644991212656,0.5518453427065027,0.5272407732864675,0.4956063268892794,0.528169014084507,0.5052816901408451,0.528169014084507,0.4982394366197183
TEMPGONE,CART,f1_weighted,0.49152787133869996,0.5388360966221799,0.48523114194268313,0.5544550101654313,0.5294809847942493,0.5024917591311036,0.527439685773204,0.4993241032032833,0.5662937432916891,0.5151990255556964
TEMPGONE,CART,precision_weighted,0.5046002815551142,0.5431598685252489,0.5054126700841268,0.5561306741120805,0.5465503636497047,0.5012130347741636,0.5263015772660216,0.505194231388165,0.5600272330342442,0.4978785949803991
TEMPGONE,CART,recall_weighted,0.4991212653778559,0.5272407732864675,0.507908611599297,0.5606326889279437,0.5289982425307557,0.5149384885764499,0.545774647887324,0.5,0.5545774647887324,0.49295774647887325
TEMPGONE,SVM,accuracy,0.36731107205623903,0.36731107205623903,0.3655536028119508,0.3655536028119508,0.3655536028119508,0.3655536028119508,0.36619718309859156,0.36619718309859156,0.36619718309859156,0.36795774647887325
TEMPGONE,SVM,f1_weighted,0.19734707984512584,0.19734707984512584,0.19571467023136618,0.19571467023136618,0.19571467023136618,0.19571467023136618,0.196311891970379,0.196311891970379,0.196311891970379,0.19794895499120851
TEMPGONE,SVM,precision_weighted,0.13491742365510362,0.13491742365510362,0.1336294365287975,0.1336294365287975,0.1336294365287975,0.1336294365287975,0.13410037690934337,0.13410037690934337,0.13410037690934337,0.13539290319381075
TEMPGONE,SVM,recall_weighted,0.36731107205623903,0.36731107205623903,0.3655536028119508,0.3655536028119508,0.3655536028119508,0.3655536028119508,0.36619718309859156,0.36619718309859156,0.36619718309859156,0.36795774647887325
TEMPGONE,ADB,accuracy,0.5764499121265377,0.5659050966608085,0.5659050966608085,0.6063268892794376,0.5184534270650264,0.5588752196836555,0.5475352112676056,0.5950704225352113,0.5369718309859155,0.5528169014084507
TEMPGONE,ADB,f1_weighted,0.5518215593051286,0.546573575392831,0.562550248389019,0.5896721287982312,0.5129009132601772,0.5445315005428079,0.5292082471021884,0.5850509125538816,0.5050610733757215,0.5343907546128563
TEMPGONE,ADB,precision_weighted,0.5875788039718158,0.5526401078184943,0.5634548270744014,0.594112736429097,0.5185791756274494,0.5439463967630366,0.5237981296872143,0.5901633754223857,0.4985322090886114,0.524493333915492
TEMPGONE,ADB,recall_weighted,0.5764499121265377,0.5659050966608085,0.5659050966608085,0.6063268892794376,0.5184534270650264,0.5588752196836555,0.5475352112676056,0.5950704225352113,0.5352112676056338,0.5528169014084507
TEMPGONE,RFC,accuracy,0.539543057996485,0.5483304042179262,0.5342706502636204,0.5746924428822495,0.5413005272407733,0.5553602811950791,0.5334507042253521,0.5598591549295775,0.528169014084507,0.5404929577464789
TEMPGONE,RFC,f1_weighted,0.4967418278965102,0.49903913233596503,0.48467597788807587,0.5221566147494634,0.4818637098001479,0.5129013980644817,0.48584866573804614,0.5060150025832831,0.47624049791017237,0.49105626828907684
TEMPGONE,RFC,precision_weighted,0.5305929343232719,0.5811328628772651,0.49697894195608217,0.5606086377068575,0.4962243126791732,0.5605550855451145,0.5598883060101172,0.5791522731897,0.49965093591854154,0.5094816164086112
TEMPGONE,RFC,recall_weighted,0.539543057996485,0.5483304042179262,0.5342706502636204,0.5746924428822495,0.5413005272407733,0.5553602811950791,0.5334507042253521,0.5598591549295775,0.528169014084507,0.5404929577464789
TEMPNITE,LDA,accuracy,0.47451669595782076,0.4868189806678383,0.4973637961335677,0.5184534270650264,0.5149384885764499,0.4973637961335677,0.5211267605633803,0.477112676056338,0.47183098591549294,0.5
TEMPNITE,LDA,f1_weighted,0.42474890005907,0.4478456574928135,0.4565913123553948,0.46984273193457754,0.4810442959987078,0.44779890173535075,0.48277758242280544,0.4211428021526328,0.4182101643909933,0.45829770691076777
TEMPNITE,LDA,precision_weighted,0.4695481324414431,0.5231600859090448,0.49454473685149397,0.5385874429947435,0.5354007265890736,0.4576195631833169,0.5301232973259359,0.4781632740585478,0.48367786264590895,0.5048929408201264
TEMPNITE,LDA,recall_weighted,0.47451669595782076,0.4868189806678383,0.4973637961335677,0.5184534270650264,0.5149384885764499,0.4973637961335677,0.5211267605633803,0.477112676056338,0.47183098591549294,0.5
TEMPNITE,KNN,accuracy,0.34797891036906853,0.351493848857645,0.36731107205623903,0.3145869947275923,0.31985940246045697,0.3216168717047452,0.31338028169014087,0.31866197183098594,0.323943661971831,0.3397887323943662
TEMPNITE,KNN,f1_weighted,0.3173273274662543,0.32737999582310623,0.32952010874992405,0.28366415003683637,0.2943165820896899,0.29564880689916856,0.2929154169881764,0.3007692336534075,0.3019936349240395,0.3153706946627857
TEMPNITE,KNN,precision_weighted,0.31396708727510525,0.31711272704242827,0.3113260850447433,0.26565701901183064,0.2836679307203137,0.2826372218098765,0.28791566159294313,0.29086517555895613,0.297330794397224,0.3048689303806102
TEMPNITE,KNN,recall_weighted,0.34797891036906853,0.351493848857645,0.36731107205623903,0.3145869947275923,0.31985940246045697,0.3216168717047452,0.31338028169014087,0.31866197183098594,0.323943661971831,0.3397887323943662
TEMPNITE,CART,accuracy,0.5254833040421792,0.5500878734622144,0.5483304042179262,0.5571177504393673,0.5254833040421792,0.5553602811950791,0.5563380281690141,0.5774647887323944,0.5757042253521126,0.5440140845070423
TEMPNITE,CART,f1_weighted,0.5219839433305677,0.5358882057746311,0.5371506829393166,0.5574374091905456,0.5405150281758885,0.5454862568629025,0.5548759792483994,0.5583755382409342,0.5720021095538754,0.5491577177328363
TEMPNITE,CART,precision_weighted,0.5452785802482427,0.5625675617380592,0.5381589211150677,0.5596368186833987,0.542238287225927,0.5616175680952753,0.5447838424828342,0.561399459174601,0.5653112430444994,0.5501614370953686
TEMPNITE,CART,recall_weighted,0.523725834797891,0.5413005272407733,0.5184534270650264,0.5430579964850615,0.539543057996485,0.5483304042179262,0.5334507042253521,0.5528169014084507,0.5616197183098591,0.5369718309859155
TEMPNITE,SVM,accuracy,0.351493848857645,0.351493848857645,0.351493848857645,0.351493848857645,0.351493848857645,0.351493848857645,0.3503521126760563,0.3503521126760563,0.352112676056338,0.352112676056338
TEMPNITE,SVM,f1_weighted,0.18283165090124573,0.18283165090124573,0.18283165090124573,0.18283165090124573,0.18283165090124573,0.18283165090124573,0.1817994013625429,0.1817994013625429,0.18339201877934272,0.18339201877934272
TEMPNITE,SVM,precision_weighted,0.12354792578476098,0.12354792578476098,0.12354792578476098,0.12354792578476098,0.12354792578476098,0.12354792578476098,0.12274660285657606,0.12274660285657606,0.12398333663955563,0.12398333663955563
TEMPNITE,SVM,recall_weighted,0.351493848857645,0.351493848857645,0.351493848857645,0.351493848857645,0.351493848857645,0.351493848857645,0.3503521126760563,0.3503521126760563,0.352112676056338,0.352112676056338
TEMPNITE,ADB,accuracy,0.6203866432337434,0.6010544815465729,0.5536028119507909,0.6186291739894552,0.5852372583479789,0.5500878734622144,0.573943661971831,0.5598591549295775,0.6091549295774648,0.5545774647887324
TEMPNITE,ADB,f1_weighted,0.6089016508049051,0.5922261521704613,0.5434917702057757,0.6069439623492413,0.5813390049707021,0.5263824485465087,0.5691135499013189,0.5395070648977138,0.5920459002329156,0.5407152501646858
TEMPNITE,ADB,precision_weighted,0.6171309722333694,0.5968800243124339,0.5445707748572064,0.6108174196137497,0.5845855734053147,0.5338630174425587,0.5725562796514492,0.5350728211526927,0.5825034871789252,0.5494012170314877
TEMPNITE,ADB,recall_weighted,0.6203866432337434,0.6010544815465729,0.5536028119507909,0.6186291739894552,0.5852372583479789,0.5500878734622144,0.573943661971831,0.5598591549295775,0.6091549295774648,0.5545774647887324
TEMPNITE,RFC,accuracy,0.5817223198594025,0.5711775043936731,0.5852372583479789,0.6115992970123023,0.5887521968365553,0.5711775043936731,0.5845070422535211,0.573943661971831,0.5862676056338029,0.5651408450704225
TEMPNITE,RFC,f1_weighted,0.5288827776270092,0.516651037430546,0.5246252851073762,0.5503195932648216,0.5317022677772402,0.5119746174477227,0.5257389582984283,0.513767300730844,0.5328376890092343,0.5115958191827601
TEMPNITE,RFC,precision_weighted,0.6400126960988884,0.6078388193344499,0.526909943496474,0.6272698165053173,0.5658151423217954,0.5949224382245026,0.5542561474457306,0.5097406314850812,0.5901323330159319,0.5467952091712043
TEMPNITE,RFC,recall_weighted,0.5817223198594025,0.5711775043936731,0.5852372583479789,0.6115992970123023,0.5887521968365553,0.5711775043936731,0.5845070422535211,0.573943661971831,0.5862676056338029,0.5651408450704225
USEWWAC,LDA,accuracy,0.8172231985940246,0.827768014059754,0.8312829525483304,0.8347978910369068,0.827768014059754,0.8312829525483304,0.8221830985915493,0.8327464788732394,0.8204225352112676,0.8327464788732394
USEWWAC,LDA,f1_weighted,0.8180220890977686,0.8316120571817197,0.8308181995703963,0.8403945515792829,0.8322442856356626,0.8340814688301426,0.8248115061215681,0.8307827321491879,0.8194255449557588,0.8394594738923873
USEWWAC,LDA,precision_weighted,0.8455503399998516,0.8590625543173873,0.8551689650986662,0.8703897373697369,0.8558813303900155,0.8726598018102759,0.8702153511816444,0.8720872244087664,0.847296165679251,0.8696177565140971
USEWWAC,LDA,recall_weighted,0.8172231985940246,0.827768014059754,0.8312829525483304,0.8347978910369068,0.827768014059754,0.8312829525483304,0.8221830985915493,0.8327464788732394,0.8204225352112676,0.8327464788732394
USEWWAC,KNN,accuracy,0.7363796133567663,0.7398945518453427,0.7521968365553603,0.7363796133567663,0.7346221441124781,0.7346221441124781,0.7306338028169014,0.7147887323943662,0.7341549295774648,0.7376760563380281
USEWWAC,KNN,f1_weighted,0.6546631875360476,0.6576664731463987,0.6767831728712606,0.654399566217553,0.6578110189372804,0.6597523655571831,0.6545906888196608,0.63851233996393,0.668690033081864,0.6675175545140764
USEWWAC,KNN,precision_weighted,0.6004026319962974,0.6168540013003985,0.6542392708705824,0.61409441963206,0.6115234758484663,0.6330951575250716,0.6026015016440717,0.5829818866469847,0.6361287740609016,0.6322043844990848
USEWWAC,KNN,recall_weighted,0.7363796133567663,0.7398945518453427,0.7521968365553603,0.7363796133567663,0.7346221441124781,0.7346221441124781,0.7306338028169014,0.7147887323943662,0.7341549295774648,0.7376760563380281
USEWWAC,CART,accuracy,0.8681898066783831,0.8488576449912126,0.8664323374340949,0.8471001757469244,0.859402460456942,0.8541300527240774,0.829225352112676,0.8362676056338029,0.8591549295774648,0.8538732394366197
USEWWAC,CART,f1_weighted,0.8590889754392989,0.8565819964735182,0.8648719952482004,0.8450865208737542,0.8510276237122876,0.8595103659453668,0.8349763739179397,0.8279427312264548,0.8617087363634456,0.8526366934102774
USEWWAC,CART,precision_weighted,0.8679718572202807,0.8564765786538178,0.860955695693626,0.8485489470899891,0.8516974135249787,0.8591166240742156,0.8331643320762463,0.8343965643308261,0.871369908220321,0.8570465345263067
USEWWAC,CART,recall_weighted,0.8611599297012302,0.8506151142355008,0.8611599297012302,0.8471001757469244,0.8506151142355008,0.8471001757469244,0.8415492957746479,0.8345070422535211,0.8573943661971831,0.8573943661971831
USEWWAC,SVM,accuracy,0.7557117750439367,0.7557117750439367,0.7557117750439367,0.7539543057996485,0.7539543057996485,0.7539543057996485,0.7552816901408451,0.7552816901408451,0.7552816901408451,0.7552816901408451
USEWWAC,SVM,f1_weighted,0.6505626892270125,0.6505626892270125,0.6505626892270125,0.6481891727215414,0.6481891727215414,0.6481891727215414,0.649981635045983,0.649981635045983,0.649981635045983,0.649981635045983
USEWWAC,SVM,precision_weighted,0.5711002869400575,0.5711002869400575,0.5711002869400575,0.5684470952338299,0.5684470952338299,0.5684470952338299,0.5704504314620115,0.5704504314620115,0.5704504314620115,0.5704504314620115
USEWWAC,SVM,recall_weighted,0.7557117750439367,0.7557117750439367,0.7557117750439367,0.7539543057996485,0.7539543057996485,0.7539543057996485,0.7552816901408451,0.7552816901408451,0.7552816901408451,0.7552816901408451
USEWWAC,ADB,accuracy,0.8629173989455184,0.8629173989455184,0.8629173989455184,0.859402460456942,0.859402460456942,0.8611599297012302,0.8644366197183099,0.8644366197183099,0.8644366197183099,0.8644366197183099
USEWWAC,ADB,f1_weighted,0.8211072056239015,0.8211072056239015,0.8211072056239015,0.8182776801405975,0.8182776801405975,0.819024385978718,0.8226210496811717,0.8226210496811717,0.8226210496811717,0.8226210496811717
USEWWAC,ADB,precision_weighted,0.8027588474036236,0.8027588474036236,0.8027588474036236,0.8002301146780291,0.8002301146780291,0.8006653276424806,0.8039695004559733,0.8039695004559733,0.8039695004559733,0.8039695004559733
USEWWAC,ADB,recall_weighted,0.8629173989455184,0.8629173989455184,0.8629173989455184,0.859402460456942,0.859402460456942,0.8611599297012302,0.8644366197183099,0.8644366197183099,0.8644366197183099,0.8644366197183099
USEWWAC,RFC,accuracy,0.8734622144112478,0.8769771528998243,0.8875219683655536,0.8734622144112478,0.8681898066783831,0.8787346221441125,0.8626760563380281,0.8714788732394366,0.8873239436619719,0.8732394366197183
USEWWAC,RFC,f1_weighted,0.8575523055359877,0.8603979035199137,0.867205729773223,0.8540369460231559,0.8499400862757629,0.8600804144357707,0.8491708420457384,0.8552237668434851,0.8693914148018083,0.8517920393811211
USEWWAC,RFC,precision_weighted,0.8606672342417682,0.848801555547246,0.855826071994789,0.8431458699472759,0.8418470808628981,0.8494521276895146,0.8583760085597195,0.8440370483772198,0.8577402067028594,0.845681949555189
USEWWAC,RFC,recall_weighted,0.8734622144112478,0.8769771528998243,0.8875219683655536,0.8734622144112478,0.8681898066783831,0.8787346221441125,0.8626760563380281,0.8714788732394366,0.8873239436619719,0.8732394366197183
TEMPHOMEAC,LDA,accuracy,0.6397188049209139,0.5940246045694201,0.6080843585237259,0.6203866432337434,0.6397188049209139,0.6309314586994728,0.6214788732394366,0.6302816901408451,0.6355633802816901,0.602112676056338
TEMPHOMEAC,LDA,f1_weighted,0.6061349499174998,0.5648727297889827,0.5734884410241178,0.5876327985270579,0.6060756535031115,0.5937026058192704,0.5856565871414123,0.5955818908927866,0.600685093841977,0.5641581808266134
TEMPHOMEAC,LDA,precision_weighted,0.7045566219352243,0.6071606733398707,0.6615830316052664,0.6284621540862165,0.6908502171162417,0.5867556594468143,0.6521772502484788,0.6863272161319764,0.6897668123866497,0.5614234800972281
TEMPHOMEAC,LDA,recall_weighted,0.6397188049209139,0.5940246045694201,0.6080843585237259,0.6203866432337434,0.6397188049209139,0.6309314586994728,0.6214788732394366,0.6302816901408451,0.6355633802816901,0.602112676056338
TEMPHOMEAC,KNN,accuracy,0.30755711775043937,0.29173989455184535,0.31282952548330406,0.3391915641476274,0.29525483304042177,0.29349736379613356,0.31866197183098594,0.34683098591549294,0.3626760563380282,0.30633802816901406
TEMPHOMEAC,KNN,f1_weighted,0.2880266915242451,0.277596857541032,0.30022310682953346,0.3190658445690395,0.282784020772313,0.28329036849155004,0.30590668609809474,0.33473577899731805,0.34825086921686044,0.29040886851137493
TEMPHOMEAC,KNN,precision_weighted,0.2873066413149184,0.27776443113569727,0.2995558706897591,0.3140424987640067,0.27893438045363983,0.2801026794908953,0.30519867876863366,0.3330311266275756,0.34868060114188193,0.2880518343315098
TEMPHOMEAC,KNN,recall_weighted,0.30755711775043937,0.29173989455184535,0.31282952548330406,0.3391915641476274,0.29525483304042177,0.29349736379613356,0.31866197183098594,0.34683098591549294,0.3626760563380282,0.30633802816901406
TEMPHOMEAC,CART,accuracy,0.6660808435852372,0.6748681898066784,0.6309314586994728,0.6572934973637962,0.6748681898066784,0.6731107205623902,0.6637323943661971,0.6619718309859155,0.6602112676056338,0.6373239436619719
TEMPHOMEAC,CART,f1_weighted,0.6663616642905146,0.680475488207624,0.6374823852381111,0.6619619249975485,0.6650437345400707,0.6721758931643999,0.6808636033365306,0.6702347946205525,0.6618884112872266,0.6573795958004537
TEMPHOMEAC,CART,precision_weighted,0.663317171338987,0.6677937304673882,0.6212653840255564,0.6416839053429139,0.6799728577215184,0.6619825367223537,0.6651438187755921,0.664045719608889,0.6530912534366088,0.6487044432928657
TEMPHOMEAC,CART,recall_weighted,0.6906854130052724,0.6731107205623902,0.6379613356766256,0.6449912126537786,0.6660808435852372,0.6748681898066784,0.6725352112676056,0.6725352112676056,0.6549295774647887,0.6443661971830986
TEMPHOMEAC,SVM,accuracy,0.29701230228471004,0.29701230228471004,0.29525483304042177,0.29525483304042177,0.29701230228471004,0.29701230228471004,0.2975352112676056,0.2975352112676056,0.2975352112676056,0.2975352112676056
TEMPHOMEAC,SVM,f1_weighted,0.1360300246236206,0.1360300246236206,0.13460735943226826,0.13460735943226826,0.1360300246236206,0.1360300246236206,0.13645441168039446,0.13645441168039446,0.13645441168039446,0.13645441168039446
TEMPHOMEAC,SVM,precision_weighted,0.08821630770846396,0.08821630770846396,0.08717541643372734,0.08717541643372734,0.08821630770846396,0.08821630770846396,0.08852720194405872,0.08852720194405872,0.08852720194405872,0.08852720194405872
TEMPHOMEAC,SVM,recall_weighted,0.29701230228471004,0.29701230228471004,0.29525483304042177,0.29525483304042177,0.29701230228471004,0.29701230228471004,0.2975352112676056,0.2975352112676056,0.2975352112676056,0.2975352112676056
TEMPHOMEAC,ADB,accuracy,0.6080843585237259,0.40421792618629176,0.5536028119507909,0.5694200351493849,0.6221441124780316,0.5817223198594025,0.5369718309859155,0.6161971830985915,0.5862676056338029,0.5475352112676056
TEMPHOMEAC,ADB,f1_weighted,0.5720750397195642,0.3659888036573689,0.5458359385131886,0.5102022711862092,0.6047947043626121,0.5587861351757618,0.5196033442024163,0.5878454720272478,0.5784936966556737,0.5334774356520267
TEMPHOMEAC,ADB,precision_weighted,0.5627626080260395,0.3817530187881554,0.5427338123310926,0.4886301166074083,0.6234979608835286,0.567017762209533,0.5242196960040788,0.6021947410025026,0.5767315797509346,0.5399635778212832
TEMPHOMEAC,ADB,recall_weighted,0.6080843585237259,0.40421792618629176,0.5536028119507909,0.5694200351493849,0.6221441124780316,0.5817223198594025,0.5369718309859155,0.6161971830985915,0.5862676056338029,0.5475352112676056
TEMPHOMEAC,RFC,accuracy,0.664323374340949,0.6608084358523726,0.6414762741652021,0.6731107205623902,0.6731107205623902,0.6942003514938488,0.6549295774647887,0.670774647887324,0.6584507042253521,0.6742957746478874
TEMPHOMEAC,RFC,f1_weighted,0.6356218029852321,0.6355606902265628,0.6147120487160971,0.6412035270335573,0.647484197089628,0.6668928808039319,0.6260473015770188,0.6475258758984148,0.6302345348401988,0.6391489030820549
TEMPHOMEAC,RFC,precision_weighted,0.6779270079528927,0.6535860774491605,0.629808843679056,0.6444631910707945,0.6589121921865871,0.6719572167807191,0.6509326965273757,0.6623652612420996,0.6457324278639004,0.6790376529459202
TEMPHOMEAC,RFC,recall_weighted,0.664323374340949,0.6608084358523726,0.6414762741652021,0.6731107205623902,0.6731107205623902,0.6942003514938488,0.6549295774647887,0.670774647887324,0.6584507042253521,0.6742957746478874
TEMPGONEAC,LDA,accuracy,0.5940246045694201,0.5782073813708261,0.5606326889279437,0.6028119507908611,0.5711775043936731,0.5694200351493849,0.5880281690140845,0.5704225352112676,0.5704225352112676,0.5721830985915493
TEMPGONEAC,LDA,f1_weighted,0.5507286238987388,0.531744174927635,0.5163143689134009,0.5522195305323391,0.536923130095487,0.5212084911495471,0.5327579573259259,0.5376101159108551,0.525419918015987,0.5298553185118264
TEMPGONEAC,LDA,precision_weighted,0.6003759552764453,0.5575223302656683,0.5505756035791217,0.6280446454779424,0.5574899409752355,0.5373270427092923,0.5668151646213404,0.5515986569512528,0.5366618514505838,0.5345460584016922
TEMPGONEAC,LDA,recall_weighted,0.5940246045694201,0.5782073813708261,0.5606326889279437,0.6028119507908611,0.5711775043936731,0.5694200351493849,0.5880281690140845,0.5704225352112676,0.5704225352112676,0.5721830985915493
TEMPGONEAC,KNN,accuracy,0.3268892794376098,0.3145869947275923,0.3444639718804921,0.28646748681898065,0.3268892794376098,0.30755711775043937,0.31690140845070425,0.301056338028169,0.2992957746478873,0.3257042253521127
TEMPGONEAC,KNN,f1_weighted,0.31941241146519794,0.3094177490615732,0.33755037510478,0.2816794735260571,0.3253444652843063,0.30552619616552806,0.3134295461607778,0.30002680979285407,0.2940603955821244,0.3222546054005416
TEMPGONEAC,KNN,precision_weighted,0.3137306284354098,0.304939798658293,0.33233025268509675,0.27795397036194397,0.3258275851425778,0.3057929397946979,0.314095049951561,0.30377735575456727,0.29018973274177323,0.3207313555483031
TEMPGONEAC,KNN,recall_weighted,0.3268892794376098,0.3145869947275923,0.3444639718804921,0.28646748681898065,0.3268892794376098,0.30755711775043937,0.31690140845070425,0.301056338028169,0.2992957746478873,0.3257042253521127
TEMPGONEAC,CART,accuracy,0.6133567662565905,0.6502636203866432,0.5975395430579965,0.6256590509666081,0.6063268892794376,0.6203866432337434,0.6690140845070423,0.625,0.6161971830985915,0.647887323943662
TEMPGONEAC,CART,f1_weighted,0.6089284426772819,0.6749516324905214,0.6146083619793569,0.6028475070972907,0.6281568371988435,0.6068993327976964,0.6781015464835141,0.6249183349078611,0.6411259888875861,0.6607619147197871
TEMPGONEAC,CART,precision_weighted,0.6163902939085579,0.6786369315365106,0.5883718071288673,0.6166115536291797,0.6153707260488668,0.6136315705384247,0.6873324493569467,0.6320957017987756,0.6131247880778725,0.6402434555545438
TEMPGONEAC,CART,recall_weighted,0.6221441124780316,0.6537785588752196,0.5869947275922671,0.6133567662565905,0.6344463971880492,0.6151142355008787,0.6778169014084507,0.6232394366197183,0.6197183098591549,0.6602112676056338
TEMPGONEAC,SVM,accuracy,0.31282952548330406,0.31282952548330406,0.31282952548330406,0.31282952548330406,0.3110720562390158,0.3110720562390158,0.31161971830985913,0.31161971830985913,0.31161971830985913,0.31161971830985913
TEMPGONEAC,SVM,f1_weighted,0.14908609246593874,0.14908609246593874,0.14908609246593874,0.14908609246593874,0.1476132813788359,0.1476132813788359,0.14807165138481898,0.14807165138481898,0.14807165138481898,0.14807165138481898
TEMPGONEAC,SVM,precision_weighted,0.09786231201410918,0.09786231201410918,0.09786231201410918,0.09786231201410918,0.09676582417276941,0.09676582417276941,0.09710684883951595,0.09710684883951595,0.09710684883951595,0.09710684883951595
TEMPGONEAC,SVM,recall_weighted,0.31282952548330406,0.31282952548330406,0.31282952548330406,0.31282952548330406,0.3110720562390158,0.3110720562390158,0.31161971830985913,0.31161971830985913,0.31161971830985913,0.31161971830985913
TEMPGONEAC,ADB,accuracy,0.3268892794376098,0.44112478031634444,0.46924428822495606,0.44815465729349735,0.43936731107205623,0.5905096660808435,0.6073943661971831,0.40669014084507044,0.44366197183098594,0.4788732394366197
TEMPGONEAC,ADB,f1_weighted,0.19013145061784284,0.37639468459895165,0.45532484463579176,0.33065337617510243,0.30356425818474925,0.5519232683129349,0.5082919085382911,0.36091974729816484,0.3212740160525171,0.3893157969727201
TEMPGONEAC,ADB,precision_weighted,0.2724780093421459,0.38540501652600395,0.4774079434347857,0.3720514369937257,0.2593454325479197,0.5825663153303422,0.5157684467126646,0.45777955938444487,0.30547627872498145,0.3786011679984836
TEMPGONEAC,ADB,recall_weighted,0.3268892794376098,0.44112478031634444,0.46924428822495606,0.44815465729349735,0.43936731107205623,0.5905096660808435,0.6073943661971831,0.40669014084507044,0.44366197183098594,0.4788732394366197
TEMPGONEAC,RFC,accuracy,0.6379613356766256,0.648506151142355,0.6344463971880492,0.6256590509666081,0.6151142355008787,0.6379613356766256,0.6408450704225352,0.6408450704225352,0.6285211267605634,0.6408450704225352
TEMPGONEAC,RFC,f1_weighted,0.6138280432664269,0.6221243859612802,0.6079286664777005,0.593473073655148,0.5818666011782451,0.6153531624158319,0.6179996173514402,0.6146124733041002,0.5977317739660892,0.6207647858761973
TEMPGONEAC,RFC,precision_weighted,0.6273025707396425,0.6446081337545857,0.6122823870722224,0.5830223451920238,0.5809653197054723,0.6308101644756352,0.6172016368835976,0.6199819071919715,0.6441679788121568,0.6281924790968904
TEMPGONEAC,RFC,recall_weighted,0.6379613356766256,0.648506151142355,0.6344463971880492,0.6256590509666081,0.6151142355008787,0.6379613356766256,0.6408450704225352,0.6408450704225352,0.6285211267605634,0.6408450704225352
TEMPNITEAC,LDA,accuracy,0.5483304042179262,0.5043936731107206,0.5254833040421792,0.5166959578207382,0.5448154657293497,0.5571177504393673,0.5404929577464789,0.5563380281690141,0.5299295774647887,0.5158450704225352
TEMPNITEAC,LDA,f1_weighted,0.4865193289621181,0.4376162807064117,0.44286050534298843,0.4556458804839734,0.4782887492364316,0.490434739833246,0.4753763092001717,0.5008581081149294,0.45380679899125337,0.4485634709363464
TEMPNITEAC,LDA,precision_weighted,0.56220604234664,0.5046906324146054,0.4926437590893018,0.4938739457417345,0.5605259020617617,0.5610743060276285,0.5330752883143542,0.5879458569599415,0.5060826620716375,0.48460132169830583
TEMPNITEAC,LDA,recall_weighted,0.5483304042179262,0.5043936731107206,0.5254833040421792,0.5166959578207382,0.5448154657293497,0.5571177504393673,0.5404929577464789,0.5563380281690141,0.5299295774647887,0.5158450704225352
TEMPNITEAC,KNN,accuracy,0.29525483304042177,0.3110720562390158,0.31282952548330406,0.281195079086116,0.29173989455184535,0.3093145869947276,0.2834507042253521,0.2834507042253521,0.2869718309859155,0.31161971830985913
TEMPNITEAC,KNN,f1_weighted,0.27834119709622096,0.28860583008769125,0.3039174606684531,0.26629916378456875,0.27993125291402693,0.2903301284220566,0.27032555580305156,0.2693409179276503,0.28084079837376724,0.292692301238213
TEMPNITEAC,KNN,precision_weighted,0.26897679707955957,0.28180108816518007,0.30999928794701587,0.2614310849790772,0.2754489306095226,0.2870653839188066,0.26633360686408125,0.2663632069775184,0.2785337125248783,0.2872414381590651
TEMPNITEAC,KNN,recall_weighted,0.29525483304042177,0.3110720562390158,0.31282952548330406,0.281195079086116,0.29173989455184535,0.3093145869947276,0.2834507042253521,0.2834507042253521,0.2869718309859155,0.31161971830985913
TEMPNITEAC,CART,accuracy,0.6010544815465729,0.6221441124780316,0.6362038664323374,0.6080843585237259,0.6098418277680141,0.6221441124780316,0.653169014084507,0.579225352112676,0.5845070422535211,0.6091549295774648
TEMPNITEAC,CART,f1_weighted,0.6112674920570009,0.6121686363078839,0.6204939513050962,0.5959880208246091,0.615997560756944,0.6092397688099159,0.6502082331391202,0.5729390770479689,0.5987940877604028,0.6251202787434681
TEMPNITEAC,CART,precision_weighted,0.6098265445480507,0.6253904822692801,0.636204612610588,0.5977305852676812,0.5998618123787958,0.6058089521283091,0.6524027145766235,0.5865875847028496,0.5838336603203446,0.6295983797890712
TEMPNITEAC,CART,recall_weighted,0.6028119507908611,0.6203866432337434,0.632688927943761,0.6010544815465729,0.6028119507908611,0.6221441124780316,0.6637323943661971,0.5651408450704225,0.5862676056338029,0.5933098591549296
TEMPNITEAC,SVM,accuracy,0.31282952548330406,0.3110720562390158,0.3110720562390158,0.3110720562390158,0.31282952548330406,0.31282952548330406,0.31338028169014087,0.31338028169014087,0.31338028169014087,0.31338028169014087
TEMPNITEAC,SVM,f1_weighted,0.14908609246593874,0.1476132813788359,0.1476132813788359,0.1476132813788359,0.14908609246593874,0.14908609246593874,0.14954876713363288,0.14954876713363288,0.14954876713363288,0.14954876713363288
TEMPNITEAC,SVM,precision_weighted,0.09786231201410918,0.09676582417276941,0.09676582417276941,0.09676582417276941,0.09786231201410918,0.09786231201410918,0.09820720095219203,0.09820720095219203,0.09820720095219203,0.09820720095219203
TEMPNITEAC,SVM,recall_weighted,0.31282952548330406,0.3110720562390158,0.3110720562390158,0.3110720562390158,0.31282952548330406,0.31282952548330406,0.31338028169014087,0.31338028169014087,0.31338028169014087,0.31338028169014087
TEMPNITEAC,ADB,accuracy,0.6291739894551845,0.5325131810193322,0.6397188049209139,0.523725834797891,0.5887521968365553,0.6221441124780316,0.579225352112676,0.5404929577464789,0.573943661971831,0.5123239436619719
TEMPNITEAC,ADB,f1_weighted,0.6152023227281058,0.5294664280290939,0.6212998403809407,0.5371396066630224,0.5784092631144443,0.6154118135416193,0.5766135522491247,0.5554996146619113,0.5825740740627744,0.50166645063661
TEMPNITEAC,ADB,precision_weighted,0.6198625331004116,0.5417035899279853,0.6217130020801843,0.5789039654110937,0.6184784579935617,0.6169432720686757,0.5818031724462348,0.59127116745603,0.6173416189869038,0.499294398496147
TEMPNITEAC,ADB,recall_weighted,0.6291739894551845,0.5325131810193322,0.6397188049209139,0.523725834797891,0.5887521968365553,0.6221441124780316,0.579225352112676,0.5404929577464789,0.573943661971831,0.5123239436619719
TEMPNITEAC,RFC,accuracy,0.664323374340949,0.6115992970123023,0.6379613356766256,0.6449912126537786,0.6449912126537786,0.6502636203866432,0.6285211267605634,0.602112676056338,0.625,0.6285211267605634
TEMPNITEAC,RFC,f1_weighted,0.6377871962183931,0.5835929131839648,0.6141228381447433,0.6224905333937957,0.6172288055882326,0.6250633160539272,0.5985692703934377,0.576919234448568,0.5929324939536207,0.6022830636315182
TEMPNITEAC,RFC,precision_weighted,0.6634862821901991,0.5941980307061313,0.6364555343455375,0.6497990450063001,0.6264720899929428,0.6720628078186109,0.6286229476355016,0.5848267900197601,0.6157408230651168,0.6380600970338566
TEMPNITEAC,RFC,recall_weighted,0.664323374340949,0.6115992970123023,0.6379613356766256,0.6449912126537786,0.6449912126537786,0.6502636203866432,0.6285211267605634,0.602112676056338,0.625,0.6285211267605634
HHAGE,LDA,accuracy,0.5694200351493849,0.6115992970123023,0.5676625659050967,0.6010544815465729,0.5606326889279437,0.5922671353251318,0.5897887323943662,0.5985915492957746,0.6003521126760564,0.5669014084507042
HHAGE,LDA,f1_weighted,0.5315618674183231,0.5705038474755828,0.5199773291145153,0.5675002900834019,0.5197260501833237,0.5549023392783297,0.5513821961368351,0.5598218309150848,0.5615667745949435,0.5245593841499484
HHAGE,LDA,precision_weighted,0.635211030786793,0.6828630118366579,0.6404427083812851,0.6591342693627402,0.6286724675554646,0.6119599462373723,0.6299074424868104,0.6241351011782483,0.6201828246950286,0.6328776033104947
HHAGE,LDA,recall_weighted,0.5694200351493849,0.6115992970123023,0.5676625659050967,0.6010544815465729,0.5606326889279437,0.5922671353251318,0.5897887323943662,0.5985915492957746,0.6003521126760564,0.5669014084507042
HHAGE,KNN,accuracy,0.4130052724077329,0.4288224956063269,0.3936731107205624,0.38488576449912126,0.39718804920913886,0.3989455184534271,0.39436619718309857,0.4225352112676056,0.38380281690140844,0.42077464788732394
HHAGE,KNN,f1_weighted,0.3978113336788334,0.4078076094560901,0.3831212075477449,0.37177860437546434,0.38555213271598704,0.3845066655462924,0.3769059881630868,0.4026054502497032,0.36819285529363494,0.40089105844955897
HHAGE,KNN,precision_weighted,0.4028332709165007,0.3997471885205792,0.38358911662189726,0.3665698542021897,0.39051654070724484,0.3946595876297107,0.37178272965039416,0.40153878424496103,0.3688189953837715,0.40468083188272114
HHAGE,KNN,recall_weighted,0.4130052724077329,0.4288224956063269,0.3936731107205624,0.38488576449912126,0.39718804920913886,0.3989455184534271,0.39436619718309857,0.42253521126760557,0.38380281690140844,0.42077464788732394
HHAGE,CART,accuracy,0.5043936731107206,0.5149384885764499,0.5289982425307557,0.5166959578207382,0.5026362038664324,0.5114235500878734,0.5387323943661971,0.5035211267605634,0.5193661971830986,0.5246478873239436
HHAGE,CART,f1_weighted,0.5136508715484216,0.5351660949997695,0.5389381315481877,0.5213641700660683,0.4926288905319661,0.5335655891500178,0.5310088448185724,0.5212951528704576,0.5017226674889115,0.5421123880312987
HHAGE,CART,precision_weighted,0.5051794668699124,0.5269947898620706,0.5533218601869545,0.5452800694727653,0.493588326915032,0.5139581159153346,0.5403345496454938,0.5056843874275408,0.5038012586103221,0.5364267168329532
HHAGE,CART,recall_weighted,0.4903339191564148,0.5413005272407733,0.546572934973638,0.5430579964850615,0.4938488576449912,0.5061511423550088,0.522887323943662,0.5052816901408451,0.5088028169014085,0.5369718309859155
HHAGE,SVM,accuracy,0.38312829525483305,0.38137082601054484,0.38312829525483305,0.38312829525483305,0.38312829525483305,0.38312829525483305,0.38380281690140844,0.38380281690140844,0.38380281690140844,0.38380281690140844
HHAGE,SVM,f1_weighted,0.21225404921360508,0.2105788021483161,0.21225404921360508,0.21225404921360508,0.21225404921360508,0.21225404921360508,0.21289825466795684,0.21289825466795684,0.21289825466795684,0.21289825466795684
HHAGE,SVM,precision_weighted,0.14678729062487453,0.14544370693196526,0.14678729062487453,0.14678729062487453,0.14678729062487453,0.14678729062487453,0.14730460226145606,0.14730460226145606,0.14730460226145606,0.14730460226145606
HHAGE,SVM,recall_weighted,0.38312829525483305,0.38137082601054484,0.38312829525483305,0.38312829525483305,0.38312829525483305,0.38312829525483305,0.38380281690140844,0.38380281690140844,0.38380281690140844,0.38380281690140844
HHAGE,ADB,accuracy,0.5659050966608085,0.6239015817223199,0.616871704745167,0.6397188049209139,0.5272407732864675,0.5817223198594025,0.579225352112676,0.6091549295774648,0.5633802816901409,0.5616197183098591
HHAGE,ADB,f1_weighted,0.5676456296423416,0.6242918739696792,0.6192705339963265,0.6408473951473491,0.5272960151273075,0.5849016186426804,0.5798870243684929,0.6101221061268913,0.5636688791835112,0.5642011287542171
HHAGE,ADB,precision_weighted,0.5730073510455203,0.6259471337309133,0.625290383269556,0.6464666081542336,0.5391845266625582,0.590744817617822,0.5866024501755636,0.6178471379956639,0.582880213383616,0.5684166835857789
HHAGE,ADB,recall_weighted,0.5659050966608085,0.6239015817223199,0.616871704745167,0.6397188049209139,0.5272407732864675,0.5817223198594025,0.579225352112676,0.6091549295774648,0.5633802816901409,0.5616197183098591
HHAGE,RFC,accuracy,0.5887521968365553,0.6186291739894552,0.648506151142355,0.6344463971880492,0.6010544815465729,0.5992970123022847,0.6267605633802817,0.6003521126760564,0.5827464788732394,0.5933098591549296
HHAGE,RFC,f1_weighted,0.5653791004933361,0.5987904199932378,0.6317945613129091,0.6129243901626965,0.5776828817760843,0.5892484079187301,0.6101814277545504,0.5774438716628346,0.5612461759924045,0.5685580599265252
HHAGE,RFC,precision_weighted,0.597143849121002,0.6350367248548986,0.6681346473657769,0.65463607637927,0.6248350314775395,0.613612879244459,0.6405867113248598,0.6112008344210903,0.6003386744691267,0.5914846529123067
HHAGE,RFC,recall_weighted,0.5887521968365553,0.6186291739894552,0.648506151142355,0.6344463971880492,0.6010544815465729,0.5992970123022847,0.6267605633802817,0.6003521126760564,0.5827464788732394,0.5933098591549296
EMPLOYHH,LDA,accuracy,0.6836555360281195,0.6959578207381371,0.7240773286467487,0.680140597539543,0.6783831282952548,0.7065026362038664,0.7200704225352113,0.7130281690140845,0.698943661971831,0.7059859154929577
EMPLOYHH,LDA,f1_weighted,0.6428349438886558,0.654048125108828,0.6803530871232731,0.6393216213954351,0.6381217855934455,0.6641499549800848,0.6768075182858905,0.6716274069580719,0.6569929893612864,0.6639454509431637
EMPLOYHH,LDA,precision_weighted,0.6095611637278026,0.6207901686812056,0.6430898462452177,0.6048081136279646,0.6045400159555135,0.632411585437519,0.645040799020599,0.6387885638858073,0.6225107092567812,0.6293756398475197
EMPLOYHH,LDA,recall_weighted,0.6836555360281195,0.6959578207381371,0.7240773286467487,0.680140597539543,0.6783831282952548,0.7065026362038664,0.7200704225352113,0.7130281690140845,0.698943661971831,0.7059859154929577
EMPLOYHH,KNN,accuracy,0.5114235500878734,0.4727592267135325,0.4780316344463972,0.4710017574692443,0.46572934973637964,0.4868189806678383,0.5088028169014085,0.45774647887323944,0.4841549295774648,0.477112676056338
EMPLOYHH,KNN,f1_weighted,0.48351522270561814,0.44665882838114823,0.4540143090286912,0.4443391366864672,0.43983049398014795,0.4652543422174977,0.48583043779617874,0.4342646751762279,0.45928685914771783,0.4537318465813971
EMPLOYHH,KNN,precision_weighted,0.49195384707357953,0.42329708201093774,0.4423999810643044,0.4215507054717842,0.4196403235805827,0.45672393931678396,0.4825303792790036,0.41349937862468933,0.4369037903042549,0.4398866380098775
EMPLOYHH,KNN,recall_weighted,0.5114235500878734,0.4727592267135325,0.4780316344463972,0.4710017574692443,0.46572934973637964,0.4868189806678383,0.5088028169014085,0.45774647887323944,0.4841549295774648,0.477112676056338
EMPLOYHH,CART,accuracy,0.6239015817223199,0.5992970123022847,0.648506151142355,0.5887521968365553,0.6115992970123023,0.6203866432337434,0.6109154929577465,0.6109154929577465,0.6126760563380281,0.6179577464788732
EMPLOYHH,CART,f1_weighted,0.6117143350004023,0.6223966261382289,0.6291245710723038,0.5911108865153668,0.611547334595194,0.6288769589990932,0.6137455411876782,0.6300662473093561,0.6003178252261792,0.6103126521650408
EMPLOYHH,CART,precision_weighted,0.6006236517110215,0.6128016030948085,0.6577571549001957,0.5955920149686724,0.6112305208270878,0.6316525932307102,0.5922760410786881,0.6409501810633319,0.6175941812898427,0.6218352945485526
EMPLOYHH,CART,recall_weighted,0.6151142355008787,0.6344463971880492,0.6379613356766256,0.5922671353251318,0.6221441124780316,0.6203866432337434,0.602112676056338,0.6285211267605634,0.6056338028169014,0.625
EMPLOYHH,SVM,accuracy,0.47627416520210897,0.47627416520210897,0.47627416520210897,0.47627416520210897,0.47627416520210897,0.47627416520210897,0.477112676056338,0.477112676056338,0.477112676056338,0.477112676056338
EMPLOYHH,SVM,f1_weighted,0.30731023516612266,0.30731023516612266,0.30731023516612266,0.30731023516612266,0.30731023516612266,0.30731023516612266,0.30821820074199663,0.30821820074199663,0.30821820074199663,0.30821820074199663
EMPLOYHH,SVM,precision_weighted,0.2268370804389658,0.2268370804389658,0.2268370804389658,0.2268370804389658,0.2268370804389658,0.2268370804389658,0.2276365056536401,0.2276365056536401,0.2276365056536401,0.2276365056536401
EMPLOYHH,SVM,recall_weighted,0.47627416520210897,0.47627416520210897,0.47627416520210897,0.47627416520210897,0.47627416520210897,0.47627416520210897,0.477112676056338,0.477112676056338,0.477112676056338,0.477112676056338
EMPLOYHH,ADB,accuracy,0.6818980667838312,0.7152899824253075,0.7240773286467487,0.7047451669595782,0.6906854130052724,0.7135325131810193,0.7253521126760564,0.7165492957746479,0.7464788732394366,0.7165492957746479
EMPLOYHH,ADB,f1_weighted,0.6555861584948101,0.6853680549929517,0.6921642941002133,0.6766909704080178,0.6584979720231633,0.6833224069134661,0.6962114382683734,0.6925708009411737,0.7167496827671139,0.6876202092906306
EMPLOYHH,ADB,precision_weighted,0.6485311050667161,0.6902804555558794,0.6712781695624125,0.6721690236464476,0.6398508161644012,0.6671413217460296,0.6921196986661953,0.6795229555480597,0.7134044697473643,0.6772205126181928
EMPLOYHH,ADB,recall_weighted,0.6818980667838312,0.7152899824253075,0.7240773286467487,0.7047451669595782,0.6906854130052724,0.7135325131810193,0.7253521126760564,0.7165492957746479,0.7464788732394366,0.7165492957746479
EMPLOYHH,RFC,accuracy,0.6959578207381371,0.7100175746924429,0.7223198594024605,0.6942003514938488,0.7047451669595782,0.6977152899824253,0.7306338028169014,0.7024647887323944,0.7024647887323944,0.7200704225352113
EMPLOYHH,RFC,f1_weighted,0.6527447109987563,0.6666667409452849,0.6784358347832538,0.6522042729950281,0.6606845817219844,0.6559514010415983,0.6884216481929385,0.6596276518566883,0.6628044762184662,0.676852035309889
EMPLOYHH,RFC,precision_weighted,0.618357668648327,0.6301155098928568,0.6396738157408773,0.6180123642580101,0.6249241602361766,0.6189812391586473,0.7617823711818235,0.6245402804662618,0.7354452127546577,0.6393308439345753
EMPLOYHH,RFC,recall_weighted,0.6959578207381371,0.7100175746924429,0.7223198594024605,0.6942003514938488,0.7047451669595782,0.6977152899824253,0.7306338028169014,0.7024647887323944,0.7024647887323944,0.7200704225352113
EDUCATION,LDA,accuracy,0.3936731107205624,0.38488576449912126,0.4077328646748682,0.44639718804920914,0.36906854130052724,0.4235500878734622,0.3626760563380282,0.4014084507042254,0.39436619718309857,0.3926056338028169
EDUCATION,LDA,f1_weighted,0.34904486914474836,0.3386375241228602,0.36548626026129893,0.40208163940469444,0.32397291834593755,0.38541604235394755,0.30928994960208284,0.3486459555025844,0.3549012274368731,0.34298452721984807
EDUCATION,LDA,precision_weighted,0.40822384031028375,0.38135587565743545,0.41074883384169136,0.4771325530788847,0.37018505555653186,0.45439286652824434,0.3581257592904257,0.4051508251926058,0.3994520599994114,0.3782956451710075
EDUCATION,LDA,recall_weighted,0.3936731107205624,0.38488576449912126,0.4077328646748682,0.44639718804920914,0.36906854130052724,0.4235500878734622,0.3626760563380282,0.4014084507042254,0.39436619718309857,0.3926056338028169
EDUCATION,KNN,accuracy,0.24956063268892795,0.2759226713532513,0.29876977152899825,0.3022847100175747,0.29525483304042177,0.29525483304042177,0.2975352112676056,0.2658450704225352,0.27992957746478875,0.25704225352112675
EDUCATION,KNN,f1_weighted,0.24137148409499806,0.2688020301096282,0.2865030215471728,0.287322942378282,0.2784483219795194,0.282725007022834,0.28532039320059177,0.25353272211378497,0.26755735926246316,0.24520868390570458
EDUCATION,KNN,precision_weighted,0.23839020057060345,0.27247458053203244,0.28464346133449653,0.28496782558324935,0.27680510029635114,0.2822873471366583,0.28544785810655743,0.25091456036948373,0.26638814665272503,0.2455986394564171
EDUCATION,KNN,recall_weighted,0.24956063268892795,0.2759226713532513,0.29876977152899825,0.3022847100175747,0.29525483304042177,0.29525483304042177,0.2975352112676056,0.2658450704225352,0.27992957746478875,0.25704225352112675
EDUCATION,CART,accuracy,0.3233743409490334,0.27768014059753954,0.3163444639718805,0.28471001757469244,0.30404217926186294,0.29701230228471004,0.31514084507042256,0.3573943661971831,0.2992957746478873,0.2887323943661972
EDUCATION,CART,f1_weighted,0.325580650544448,0.2850407623058414,0.31347980155718774,0.2739834941490365,0.31483522244606466,0.3118574314425296,0.31508077493585235,0.33649083678046743,0.3137954732826972,0.2994737001834287
EDUCATION,CART,precision_weighted,0.3148226729380852,0.29769284670728907,0.3112220360931041,0.3096099883292693,0.31623190947631036,0.2947001547468889,0.3123108316206773,0.32952686638585305,0.2981434120265864,0.3041252940452384
EDUCATION,CART,recall_weighted,0.3163444639718805,0.28998242530755713,0.30404217926186294,0.28998242530755713,0.29701230228471004,0.31985940246045697,0.31690140845070425,0.3257042253521127,0.31161971830985913,0.3028169014084507
EDUCATION,SVM,accuracy,0.3321616871704745,0.3339191564147627,0.3339191564147627,0.3339191564147627,0.3339191564147627,0.3339191564147627,0.33274647887323944,0.33274647887323944,0.33274647887323944,0.33274647887323944
EDUCATION,SVM,f1_weighted,0.16564263555466935,0.16717955130119871,0.16717955130119871,0.16717955130119871,0.16717955130119871,0.16717955130119871,0.16615345972798481,0.16615345972798481,0.16615345972798481,0.16615345972798481
EDUCATION,SVM,precision_weighted,0.11033138642393617,0.11150200302074677,0.11150200302074677,0.11150200302074677,0.11150200302074677,0.11150200302074677,0.11072021920253919,0.11072021920253919,0.11072021920253919,0.11072021920253919
EDUCATION,SVM,recall_weighted,0.3321616871704745,0.3339191564147627,0.3339191564147627,0.3339191564147627,0.3339191564147627,0.3339191564147627,0.33274647887323944,0.33274647887323944,0.33274647887323944,0.33274647887323944
EDUCATION,ADB,accuracy,0.4077328646748682,0.39718804920913886,0.40597539543058,0.39015817223198596,0.34797891036906853,0.3655536028119508,0.3714788732394366,0.36795774647887325,0.3785211267605634,0.40669014084507044
EDUCATION,ADB,f1_weighted,0.4077117788981206,0.39630597055416855,0.40410930213143714,0.388410274729603,0.34564559064928274,0.36356730564676537,0.37055002359440004,0.36714154167855195,0.37801477259378713,0.404015414328473
EDUCATION,ADB,precision_weighted,0.41435032411028855,0.4032656452021235,0.4044867447789722,0.39624180041847895,0.34985948981780235,0.3648309195049102,0.37173938175078214,0.3713069420981891,0.37984062105098143,0.4052607125051192
EDUCATION,ADB,recall_weighted,0.4077328646748682,0.39718804920913886,0.40597539543058,0.39015817223198596,0.34797891036906853,0.3655536028119508,0.3714788732394366,0.36795774647887325,0.3785211267605634,0.40669014084507044
EDUCATION,RFC,accuracy,0.4112478031634446,0.4094903339191564,0.4024604569420035,0.4024604569420035,0.4305799648506151,0.3884007029876977,0.3855633802816901,0.4084507042253521,0.3767605633802817,0.3873239436619718
EDUCATION,RFC,f1_weighted,0.3845580382335897,0.38059416470706176,0.3701583009717666,0.37237953889512565,0.3925694703981936,0.364551092216731,0.35478665586309766,0.38140947886196513,0.34918693472694873,0.356329595620054
EDUCATION,RFC,precision_weighted,0.4193546323002848,0.40229343237049153,0.41139706713151925,0.40358570381053704,0.4240789675530649,0.4080833432398311,0.3988756741498312,0.40624714715654814,0.3760638287973082,0.41137400192912604
EDUCATION,RFC,recall_weighted,0.4112478031634446,0.4094903339191564,0.4024604569420035,0.4024604569420035,0.4305799648506151,0.3884007029876977,0.3855633802816901,0.4084507042253521,0.3767605633802817,0.3873239436619718
NHSLDMEM,LDA,accuracy,1.0,1.0,1.0,1.0,0.9982425307557118,0.9982425307557118,1.0,0.5563380281690141,1.0,1.0
NHSLDMEM,LDA,f1_weighted,1.0,1.0,1.0,1.0,0.9982425307557118,0.9982425307557118,1.0,0.5448559299314859,1.0,1.0
NHSLDMEM,LDA,precision_weighted,1.0,1.0,1.0,1.0,0.9982425307557118,0.9982425307557118,1.0,0.5778615722223313,1.0,1.0
NHSLDMEM,LDA,recall_weighted,1.0,1.0,1.0,1.0,0.9982425307557118,0.9982425307557118,1.0,0.5563380281690141,1.0,1.0
NHSLDMEM,KNN,accuracy,0.5571177504393673,0.5342706502636204,0.5219683655536028,0.5536028119507909,0.5307557117750439,0.5307557117750439,0.5387323943661971,0.5158450704225352,0.5088028169014085,0.545774647887324
NHSLDMEM,KNN,f1_weighted,0.5296916532946181,0.5161562936054142,0.4970771648447788,0.5316670875920186,0.5051035038366071,0.5042093037228912,0.515054877298715,0.48466494799814674,0.4831343730019409,0.5203387778822334
NHSLDMEM,KNN,precision_weighted,0.5252243941126947,0.5104689813179472,0.48161898291807986,0.5281196130204084,0.48952980572388416,0.4917424261142155,0.5095437958509604,0.4694219445466759,0.4709604385667922,0.5209317746917607
NHSLDMEM,KNN,recall_weighted,0.5571177504393673,0.5342706502636204,0.5219683655536028,0.5536028119507909,0.5307557117750439,0.5307557117750439,0.5387323943661971,0.5158450704225352,0.5088028169014085,0.545774647887324
NHSLDMEM,CART,accuracy,0.9964850615114236,0.9929701230228472,0.9947275922671354,0.9964850615114236,0.9947275922671354,0.9947275922671354,0.9964788732394366,0.9929577464788732,0.9964788732394366,0.9911971830985915
NHSLDMEM,CART,f1_weighted,0.9974436810992171,0.993751220464753,0.9934378366120528,0.9966803358719,0.9912126537785588,0.9922941733135056,0.9939180537772087,0.9905865427510551,0.9956786171574903,0.9953548353864041
NHSLDMEM,CART,precision_weighted,0.9964850615114236,0.9947275922671354,0.9948374340949033,0.9947275922671354,0.9966022261277093,0.9917147878483557,0.9947183098591549,0.9915395148669797,0.9923937564782636,1.0
NHSLDMEM,CART,recall_weighted,0.9947275922671354,0.9947275922671354,0.9929701230228472,0.9929701230228472,0.9947275922671354,0.9912126537785588,0.9964788732394366,0.9911971830985915,0.9929577464788732,0.9911971830985915
NHSLDMEM,SVM,accuracy,0.36731107205623903,0.36731107205623903,0.36731107205623903,0.36906854130052724,0.36906854130052724,0.36906854130052724,0.36971830985915494,0.36971830985915494,0.36971830985915494,0.36971830985915494
NHSLDMEM,SVM,f1_weighted,0.19734707984512584,0.19734707984512584,0.19734707984512584,0.19898432265240235,0.19898432265240235,0.19898432265240235,0.19959086136355408,0.19959086136355408,0.19959086136355408,0.19959086136355408
NHSLDMEM,SVM,precision_weighted,0.13491742365510362,0.13491742365510362,0.13491742365510362,0.136211588177699,0.136211588177699,0.136211588177699,0.1366916286451101,0.1366916286451101,0.1366916286451101,0.1366916286451101
NHSLDMEM,SVM,recall_weighted,0.36731107205623903,0.36731107205623903,0.36731107205623903,0.36906854130052724,0.36906854130052724,0.36906854130052724,0.36971830985915494,0.36971830985915494,0.36971830985915494,0.36971830985915494
NHSLDMEM,ADB,accuracy,0.36731107205623903,0.36731107205623903,0.36731107205623903,0.36906854130052724,0.36906854130052724,0.36906854130052724,0.36971830985915494,0.36971830985915494,0.36971830985915494,0.36971830985915494
NHSLDMEM,ADB,f1_weighted,0.19734707984512584,0.19734707984512584,0.19734707984512584,0.19898432265240235,0.19924008656326664,0.19924008656326664,0.19959086136355408,0.19959086136355408,0.19959086136355408,0.19959086136355408
NHSLDMEM,ADB,precision_weighted,0.13491742365510362,0.13491742365510362,0.13491742365510362,0.136211588177699,0.13645139731181466,0.13645139731181466,0.1366916286451101,0.1366916286451101,0.1366916286451101,0.1366916286451101
NHSLDMEM,ADB,recall_weighted,0.36731107205623903,0.36731107205623903,0.36731107205623903,0.36906854130052724,0.36906854130052724,0.36906854130052724,0.36971830985915494,0.36971830985915494,0.36971830985915494,0.36971830985915494
NHSLDMEM,RFC,accuracy,0.7697715289982425,0.7574692442882249,0.7451669595782073,0.7293497363796133,0.7680140597539543,0.7680140597539543,0.7570422535211268,0.75,0.75,0.772887323943662
NHSLDMEM,RFC,f1_weighted,0.7369813920842162,0.7301643289607358,0.7075699155172228,0.6915728725206672,0.7351806372329313,0.7378319986181326,0.7209952466810766,0.7170792735313404,0.7161593290361584,0.7364301122650281
NHSLDMEM,RFC,precision_weighted,0.7327759569281734,0.7211864135000701,0.6827886171141884,0.672670496001857,0.7204904215453846,0.7222002395189989,0.6960390193633097,0.7052886792403614,0.7497500754242461,0.7228939518349771
NHSLDMEM,RFC,recall_weighted,0.7697715289982425,0.7574692442882249,0.7451669595782073,0.7293497363796133,0.7680140597539543,0.7680140597539543,0.7570422535211268,0.75,0.75,0.772887323943662
NUMADULT,LDA,accuracy,1.0,1.0,1.0,1.0,1.0,1.0,1.0,0.6091549295774648,1.0,0.9982394366197183
NUMADULT,LDA,f1_weighted,1.0,1.0,1.0,1.0,1.0,1.0,1.0,0.5737929941744927,1.0,0.9982394366197183
NUMADULT,LDA,precision_weighted,1.0,1.0,1.0,1.0,1.0,1.0,1.0,0.5516589524225457,1.0,0.9982394366197183
NUMADULT,LDA,recall_weighted,1.0,1.0,1.0,1.0,1.0,1.0,1.0,0.6091549295774648,1.0,0.9982394366197183
NUMADULT,KNN,accuracy,0.6344463971880492,0.6256590509666081,0.6678383128295254,0.6467486818980668,0.6467486818980668,0.616871704745167,0.6179577464788732,0.647887323943662,0.6267605633802817,0.6355633802816901
NUMADULT,KNN,f1_weighted,0.5893198384902616,0.5911099185264387,0.6324146362993887,0.6082132331920873,0.6127561759368001,0.5823830304343072,0.5789740230340635,0.6095768232986908,0.5909930199229828,0.5930088988762974
NUMADULT,KNN,precision_weighted,0.5646494306997095,0.5780984050319373,0.6187575686696951,0.6020868830301457,0.6074318907659151,0.5672237900286188,0.5740266493475623,0.6040116392801251,0.5790150887499687,0.5806140883219414
NUMADULT,KNN,recall_weighted,0.6344463971880492,0.6256590509666081,0.6678383128295254,0.6467486818980668,0.6467486818980668,0.616871704745167,0.6179577464788732,0.647887323943662,0.6267605633802817,0.6355633802816901
NUMADULT,CART,accuracy,0.9912126537785588,0.9894551845342706,0.9964850615114236,0.9982425307557118,0.9982425307557118,0.9859402460456942,0.9964788732394366,0.9947183098591549,0.9911971830985915,0.9929577464788732
NUMADULT,CART,f1_weighted,0.9903415037467741,0.9885756336280765,0.9982473433125626,0.9912277975044734,0.9936335122010692,0.9868865074041016,0.9969866480205108,0.9964753171914862,0.9931044600938967,0.9948085407253758
NUMADULT,CART,precision_weighted,0.9894909908879057,0.9913102909587971,0.9951038392039409,0.9951038392039409,0.9951038392039409,0.9879680951737191,0.99831279342723,0.9947296683325761,0.9883048457681225,0.9932951877934271
NUMADULT,CART,recall_weighted,0.9929701230228472,0.9894551845342706,0.9964850615114236,0.9947275922671354,0.9947275922671354,0.9894551845342706,0.9982394366197183,0.9947183098591549,0.9947183098591549,0.9947183098591549
NUMADULT,SVM,accuracy,0.5448154657293497,0.5448154657293497,0.5448154657293497,0.5448154657293497,0.5448154657293497,0.5448154657293497,0.5440140845070423,0.5440140845070423,0.5440140845070423,0.5440140845070423
NUMADULT,SVM,f1_weighted,0.38428394624823303,0.38428394624823303,0.38428394624823303,0.38428394624823303,0.38428394624823303,0.38428394624823303,0.3833531405078131,0.3833531405078131,0.3833531405078131,0.3833531405078131
NUMADULT,SVM,precision_weighted,0.29682389169788825,0.29682389169788825,0.29682389169788825,0.29682389169788825,0.29682389169788825,0.29682389169788825,0.29595132414203534,0.29595132414203534,0.29595132414203534,0.29595132414203534
NUMADULT,SVM,recall_weighted,0.5448154657293497,0.5448154657293497,0.5448154657293497,0.5448154657293497,0.5448154657293497,0.5448154657293497,0.5440140845070423,0.5440140845070423,0.5440140845070423,0.5440140845070423
NUMADULT,ADB,accuracy,0.773286467486819,0.7697715289982425,0.7592267135325131,0.7609841827768014,0.7803163444639719,0.7715289982425307,0.7535211267605634,0.7869718309859155,0.7764084507042254,0.7640845070422535
NUMADULT,ADB,f1_weighted,0.706746729154462,0.7172656807477403,0.7032419983352862,0.7106049983303528,0.7082605901781108,0.7007103104862331,0.696783984551317,0.7365098263851949,0.724161123882752,0.7194317830892845
NUMADULT,ADB,precision_weighted,0.6690936480040169,0.6912720407887367,0.678386444274961,0.6948773622099285,0.6659394380138578,0.663284869787506,0.6749843322228452,0.7249956185074247,0.7003460715272024,0.7182204974881751
NUMADULT,ADB,recall_weighted,0.7750439367311072,0.7697715289982425,0.7592267135325131,0.7609841827768014,0.7803163444639719,0.7715289982425307,0.7535211267605634,0.7869718309859155,0.7764084507042254,0.7640845070422535
NUMADULT,RFC,accuracy,0.7715289982425307,0.773286467486819,0.7785588752196837,0.7750439367311072,0.7855887521968365,0.7697715289982425,0.7588028169014085,0.7764084507042254,0.7869718309859155,0.7640845070422535
NUMADULT,RFC,f1_weighted,0.7031110377612553,0.7103202224573315,0.7178869201380149,0.7094189527699035,0.725079339084994,0.7080271538547045,0.6947800984605293,0.7146115363820521,0.7225783880812466,0.7012327929091242
NUMADULT,RFC,precision_weighted,0.6985306095202971,0.7195642435166166,0.7672005247106404,0.7105982086649925,0.759713382318806,0.7214253335661762,0.6905099780377764,0.7034067571699089,0.7292819051062832,0.7180938877904953
NUMADULT,RFC,recall_weighted,0.7715289982425307,0.773286467486819,0.7785588752196837,0.7750439367311072,0.7855887521968365,0.7697715289982425,0.7588028169014085,0.7764084507042254,0.7869718309859155,0.7640845070422535
NUMCHILD,LDA,accuracy,0.6818980667838312,1.0,1.0,0.9982425307557118,0.9982425307557118,0.9982425307557118,1.0,1.0,1.0,1.0
NUMCHILD,LDA,f1_weighted,0.6359241760926557,1.0,1.0,0.9982425307557118,0.9982425307557118,0.9982425307557118,1.0,1.0,1.0,1.0
NUMCHILD,LDA,precision_weighted,0.6460486341598717,1.0,1.0,0.9982425307557118,0.9982425307557118,0.9982425307557118,1.0,1.0,1.0,1.0
NUMCHILD,LDA,recall_weighted,0.6818980667838312,1.0,1.0,0.9982425307557118,0.9982425307557118,0.9982425307557118,1.0,1.0,1.0,1.0
NUMCHILD,KNN,accuracy,0.6520210896309314,0.6572934973637962,0.6731107205623902,0.6678383128295254,0.6678383128295254,0.6959578207381371,0.6584507042253521,0.698943661971831,0.6813380281690141,0.6866197183098591
NUMCHILD,KNN,f1_weighted,0.5859504182462211,0.5987355234103916,0.6171977078326426,0.6065408849025384,0.6131936232461592,0.6505444067491174,0.6117446863644795,0.643731494996741,0.6290402569120598,0.6439827543776124
NUMCHILD,KNN,precision_weighted,0.55137623649527,0.5728698125679414,0.5853176787942462,0.5654568123812413,0.5746189992684403,0.6260605555586163,0.5820183337788971,0.6312136310891425,0.5948683665915023,0.6178900312904998
NUMCHILD,KNN,recall_weighted,0.6520210896309314,0.6572934973637962,0.6731107205623902,0.6678383128295254,0.6678383128295254,0.6959578207381371,0.6584507042253521,0.698943661971831,0.6813380281690141,0.6866197183098591
NUMCHILD,CART,accuracy,0.9947275922671354,0.9964850615114236,0.9912126537785588,0.9929701230228472,0.9929701230228472,0.9964850615114236,0.9911971830985915,0.9911971830985915,1.0,0.9806338028169014
NUMCHILD,CART,f1_weighted,0.99473126046874,0.9933422929804612,0.9885716466129457,0.9921276647200452,0.9903443279852872,0.9966091181639616,0.9923676064400511,0.9908960857893909,1.0,0.9782187266100382
NUMCHILD,CART,precision_weighted,0.9982683758916572,0.9949033391915642,0.9878414138642201,0.9965112923956667,0.9936137557771731,0.9961335676625658,0.9965824357912177,0.9934859154929576,1.0,0.9796009895580379
NUMCHILD,CART,recall_weighted,0.9947275922671354,0.9947275922671354,0.9894551845342706,0.9929701230228472,0.9929701230228472,0.9947275922671354,0.9929577464788732,0.9911971830985915,1.0,0.9841549295774648
NUMCHILD,SVM,accuracy,0.6748681898066784,0.6748681898066784,0.6766256590509666,0.6766256590509666,0.6766256590509666,0.6766256590509666,0.676056338028169,0.676056338028169,0.676056338028169,0.676056338028169
NUMCHILD,SVM,f1_weighted,0.5438601991306705,0.5438601991306705,0.5461234355023525,0.5461234355023525,0.5461234355023525,0.5461234355023525,0.5453899869807078,0.5453899869807078,0.5453899869807078,0.5453899869807078
NUMCHILD,SVM,precision_weighted,0.4554470736129429,0.4554470736129429,0.45782228248615486,0.45782228248615486,0.45782228248615486,0.45782228248615486,0.45705217218805794,0.45705217218805794,0.45705217218805794,0.45705217218805794
NUMCHILD,SVM,recall_weighted,0.6748681898066784,0.6748681898066784,0.6766256590509666,0.6766256590509666,0.6766256590509666,0.6766256590509666,0.676056338028169,0.676056338028169,0.676056338028169,0.676056338028169
NUMCHILD,ADB,accuracy,0.6994727592267135,0.6854130052724078,0.671353251318102,0.6959578207381371,0.6766256590509666,0.7170474516695958,0.6883802816901409,0.727112676056338,0.7059859154929577,0.6619718309859155
NUMCHILD,ADB,f1_weighted,0.6658692681448795,0.6567776171299553,0.6449638742433119,0.6616907354572917,0.6525451527824968,0.6641668398939219,0.6622181850542305,0.6850045609366238,0.6704670222242084,0.6421825339352661
NUMCHILD,ADB,precision_weighted,0.6770376382731632,0.6790711429078335,0.6709658413354346,0.6726565503431404,0.6804843739585854,0.6404775966735047,0.686685394264698,0.6833631881788468,0.6805800338285573,0.6801487385169042
NUMCHILD,ADB,recall_weighted,0.6994727592267135,0.6854130052724078,0.671353251318102,0.6959578207381371,0.6766256590509666,0.7170474516695958,0.6883802816901409,0.727112676056338,0.7059859154929577,0.6619718309859155
NUMCHILD,RFC,accuracy,0.7469244288224957,0.7504393673110721,0.7504393673110721,0.7451669595782073,0.7223198594024605,0.7557117750439367,0.7306338028169014,0.7552816901408451,0.7517605633802817,0.7464788732394366
NUMCHILD,RFC,f1_weighted,0.6883697324945632,0.6989129040487113,0.6874034876848559,0.6873754219105087,0.6606926104090238,0.6981982566380903,0.6771287577656001,0.7003341849886233,0.691601002764729,0.6983516647741872
NUMCHILD,RFC,precision_weighted,0.6654417152386383,0.6945175202050208,0.7201542529706761,0.6584051183045183,0.6300915457860085,0.6835294770148311,0.6792500767315759,0.7017781796262809,0.6812953842457732,0.6773030151105307
NUMCHILD,RFC,recall_weighted,0.7469244288224957,0.7504393673110721,0.7504393673110721,0.7451669595782073,0.7223198594024605,0.7557117750439367,0.7306338028169014,0.7552816901408451,0.7517605633802817,0.7464788732394366
ATHOME,LDA,accuracy,0.539543057996485,0.5553602811950791,0.5553602811950791,0.539543057996485,0.5413005272407733,0.562390158172232,0.5651408450704225,0.5404929577464789,0.5140845070422535,0.5176056338028169
ATHOME,LDA,f1_weighted,0.4829965521340901,0.4960737070113526,0.49612152346774485,0.48035338572000313,0.4779131237207551,0.49813444970719345,0.5092792082792066,0.47955160274435626,0.4618335533002338,0.4679929924390053
ATHOME,LDA,precision_weighted,0.48562059467865776,0.4825786287356064,0.48012195771422483,0.4421210893839954,0.438602340247241,0.4535350827925335,0.5263437967822917,0.457157579624086,0.4460480466088007,0.5671462670252283
ATHOME,LDA,recall_weighted,0.539543057996485,0.5553602811950791,0.5553602811950791,0.539543057996485,0.5413005272407733,0.562390158172232,0.5651408450704225,0.5404929577464789,0.5140845070422535,0.5176056338028169
ATHOME,KNN,accuracy,0.4253075571177504,0.4182776801405975,0.44991212653778556,0.4200351493848858,0.4305799648506151,0.4253075571177504,0.43309859154929575,0.4612676056338028,0.44366197183098594,0.43133802816901406
ATHOME,KNN,f1_weighted,0.3868354025365609,0.3796064279292519,0.3969682079477181,0.379657253033309,0.38479578431138084,0.38238228972005794,0.39538342024922385,0.40453407970994054,0.395821666587134,0.3971894875615101
ATHOME,KNN,precision_weighted,0.3575882093164206,0.3514740767043681,0.3581850419829458,0.3513911032578568,0.35842845059526385,0.35239096460449276,0.3711903918163618,0.3665937412200917,0.36174076982218517,0.373013533291517
ATHOME,KNN,recall_weighted,0.4253075571177504,0.4182776801405975,0.44991212653778556,0.4200351493848858,0.4305799648506151,0.4253075571177504,0.43309859154929575,0.4612676056338028,0.443661971830986,0.43133802816901406
ATHOME,CART,accuracy,0.4147627416520211,0.437609841827768,0.44112478031634444,0.40597539543058,0.4253075571177504,0.45518453427065025,0.4507042253521127,0.4665492957746479,0.44366197183098594,0.4524647887323944
ATHOME,CART,f1_weighted,0.4200596105952363,0.43711719261524573,0.44061539408429756,0.4326491409666682,0.43172044653594743,0.4451249813523066,0.45062477878074225,0.4570214771098825,0.43307440752811915,0.44864006326026
ATHOME,CART,precision_weighted,0.428997449976338,0.4561383376172801,0.4501899435308735,0.43445167157239417,0.44081911943391944,0.45732644237322273,0.4727570218416987,0.4425700177604024,0.4495944125326443,0.45553151385727997
ATHOME,CART,recall_weighted,0.4147627416520211,0.45166959578207383,0.43409490333919154,0.4007029876977153,0.43409490333919154,0.45166959578207383,0.4524647887323944,0.46830985915492956,0.4242957746478873,0.4454225352112676
ATHOME,SVM,accuracy,0.5536028119507909,0.5536028119507909,0.5536028119507909,0.5536028119507909,0.5536028119507909,0.5536028119507909,0.5545774647887324,0.5528169014084507,0.5545774647887324,0.5545774647887324
ATHOME,SVM,f1_weighted,0.39453594064366315,0.39453594064366315,0.39453594064366315,0.39453594064366315,0.39453594064366315,0.39453594064366315,0.39567814588550554,0.3936156622273323,0.39567814588550554,0.39567814588550554
ATHOME,SVM,precision_weighted,0.30647607339982275,0.30647607339982275,0.30647607339982275,0.30647607339982275,0.30647607339982275,0.30647607339982275,0.3075561644514977,0.30560652648284076,0.3075561644514977,0.3075561644514977
ATHOME,SVM,recall_weighted,0.5536028119507909,0.5536028119507909,0.5536028119507909,0.5536028119507909,0.5536028119507909,0.5536028119507909,0.5545774647887324,0.5528169014084507,0.5545774647887324,0.5545774647887324
ATHOME,ADB,accuracy,0.5641476274165202,0.5869947275922671,0.5869947275922671,0.5641476274165202,0.5588752196836555,0.5992970123022847,0.5845070422535211,0.5915492957746479,0.5827464788732394,0.5422535211267606
ATHOME,ADB,f1_weighted,0.48474641874889385,0.5026155119590171,0.4972855344378521,0.48175723892143774,0.475213100439521,0.5144519081595113,0.4991119264656229,0.4963315561485024,0.49476871937351863,0.4652525335698271
ATHOME,ADB,precision_weighted,0.4536287786248987,0.46618935592898864,0.4544431377102292,0.4317924389528861,0.41364628611632887,0.4736584336476621,0.4354973993382082,0.42868403469884725,0.4508789708383135,0.4468237906149253
ATHOME,ADB,recall_weighted,0.5641476274165202,0.5869947275922671,0.5869947275922671,0.5641476274165202,0.5588752196836555,0.5992970123022847,0.5845070422535211,0.5915492957746479,0.5827464788732394,0.5422535211267606
ATHOME,RFC,accuracy,0.5571177504393673,0.5711775043936731,0.5852372583479789,0.5676625659050967,0.5764499121265377,0.5834797891036907,0.5827464788732394,0.5704225352112676,0.5686619718309859,0.573943661971831
ATHOME,RFC,f1_weighted,0.4334930559085476,0.4511560884520516,0.4618258408725762,0.4483159730018543,0.4566412220653272,0.4618798372315937,0.4644579336194094,0.44326061844791237,0.44139919117627663,0.4555297413151056
ATHOME,RFC,precision_weighted,0.3732411586856911,0.5693621697576003,0.407540571602338,0.38998547294208474,0.4016718165125648,0.5103547286594211,0.41504848026096436,0.39360431595420475,0.3839615856561279,0.3940779177991928
ATHOME,RFC,recall_weighted,0.5571177504393673,0.5711775043936731,0.5852372583479789,0.5676625659050967,0.5764499121265377,0.5834797891036907,0.5827464788732394,0.5704225352112676,0.5686619718309859,0.573943661971831
MONEYPY,LDA,accuracy,0.3163444639718805,0.29876977152899825,0.3181019332161687,0.3093145869947276,0.31282952548330406,0.29876977152899825,0.3221830985915493,0.31338028169014087,0.2887323943661972,0.30633802816901406
MONEYPY,LDA,f1_weighted,0.2942995497015003,0.2785113780921004,0.30236917510493366,0.2929951097517274,0.29287784173544124,0.2868897685396884,0.3064591646663621,0.2844555974686506,0.27855457132431916,0.2889583846245544
MONEYPY,LDA,precision_weighted,0.3275016971971664,0.3041359030845313,0.3473916842266955,0.32439036983404285,0.31778581105724607,0.31926654233077095,0.33207357042270924,0.32921748637914516,0.31313321583674963,0.3134882318508247
MONEYPY,LDA,recall_weighted,0.3163444639718805,0.29876977152899825,0.3181019332161687,0.3093145869947276,0.31282952548330406,0.29876977152899825,0.3221830985915493,0.31338028169014087,0.2887323943661972,0.30633802816901406
MONEYPY,KNN,accuracy,0.23550087873462214,0.20210896309314588,0.2038664323374341,0.22671353251318102,0.22319859402460457,0.21968365553602812,0.22535211267605634,0.1954225352112676,0.1936619718309859,0.22007042253521128
MONEYPY,KNN,f1_weighted,0.2193846510229893,0.18119455507018714,0.18812337239918953,0.21151531348636698,0.21308690627961843,0.2085961371848466,0.19919274756942082,0.178515566672297,0.1807936284340602,0.20106838778357083
MONEYPY,KNN,precision_weighted,0.21326850266206704,0.1711447262699912,0.18497697150689474,0.210913868284226,0.21246932426689163,0.2111011650768594,0.190112427045722,0.1745116714802582,0.17719304434436584,0.19663579550910168
MONEYPY,KNN,recall_weighted,0.23550087873462214,0.20210896309314588,0.2038664323374341,0.22671353251318102,0.22319859402460457,0.21968365553602812,0.22535211267605634,0.1954225352112676,0.1936619718309859,0.22007042253521128
MONEYPY,CART,accuracy,0.2741652021089631,0.26537785588752194,0.27768014059753954,0.27065026362038663,0.26362038664323373,0.2390158172231986,0.29577464788732394,0.2517605633802817,0.23767605633802816,0.22359154929577466
MONEYPY,CART,f1_weighted,0.2739736872301757,0.2620017752392266,0.2565092352134992,0.2926971973053205,0.2713165835349608,0.2472858610507055,0.28283947437264423,0.26345466036109466,0.24313567486025597,0.24614432585225282
MONEYPY,CART,precision_weighted,0.2830083918774085,0.26018023238591714,0.27178620780148394,0.2740632370228918,0.2565045633417517,0.2307337336291256,0.2847064564401784,0.2548760526195545,0.21419140404731585,0.2234854263951902
MONEYPY,CART,recall_weighted,0.28295254833040423,0.2618629173989455,0.2530755711775044,0.27943760984182775,0.2583479789103691,0.22671353251318102,0.2764084507042254,0.2482394366197183,0.23767605633802816,0.24295774647887325
MONEYPY,SVM,accuracy,0.22144112478031636,0.22144112478031636,0.22144112478031636,0.22144112478031636,0.22319859402460457,0.22319859402460457,0.22359154929577466,0.22359154929577466,0.22183098591549297,0.22183098591549297
MONEYPY,SVM,f1_weighted,0.08029232150307875,0.08029232150307875,0.08029232150307875,0.08029232150307875,0.08145465931357695,0.08145465931357695,0.08171547269226873,0.08171547269226873,0.08054957990015017,0.08054957990015017
MONEYPY,SVM,precision_weighted,0.04903617174397164,0.04903617174397164,0.04903617174397164,0.04903617174397164,0.04981761237456025,0.04981761237456025,0.049993180916484824,0.049993180916484824,0.04920898631223964,0.04920898631223964
MONEYPY,SVM,recall_weighted,0.22144112478031636,0.22144112478031636,0.22144112478031636,0.22144112478031636,0.22319859402460457,0.22319859402460457,0.22359154929577466,0.22359154929577466,0.22183098591549297,0.22183098591549297
MONEYPY,ADB,accuracy,0.3462214411247803,0.335676625659051,0.3427065026362039,0.3444639718804921,0.35500878734622143,0.3181019332161687,0.3714788732394366,0.3397887323943662,0.34507042253521125,0.2887323943661972
MONEYPY,ADB,f1_weighted,0.3235701906457221,0.3158511916012508,0.32039095495878583,0.3190135083143871,0.3378533142360306,0.2999274670960424,0.34789694377291286,0.32011429515452655,0.329019555204692,0.27325081550498836
MONEYPY,ADB,precision_weighted,0.31426887160451433,0.3198893333266754,0.3065737342485159,0.3153384740009474,0.33330416603871627,0.2949022940572083,0.3467626618142257,0.31451990173007577,0.3318661137577657,0.2664330590491633
MONEYPY,ADB,recall_weighted,0.3462214411247803,0.335676625659051,0.3427065026362039,0.3444639718804921,0.35500878734622143,0.3181019332161687,0.3714788732394366,0.3397887323943662,0.34507042253521125,0.2887323943661972
MONEYPY,RFC,accuracy,0.3391915641476274,0.3251318101933216,0.3585237258347979,0.34973637961335674,0.3585237258347979,0.3585237258347979,0.36619718309859156,0.3274647887323944,0.34507042253521125,0.3415492957746479
MONEYPY,RFC,f1_weighted,0.30172140150735505,0.28489447673688784,0.31590135211666515,0.30339490578591954,0.32351479757795926,0.32310227260983027,0.3202845095813836,0.2863640170937833,0.3072761696507701,0.30318296935249833
MONEYPY,RFC,precision_weighted,0.35284984303643724,0.2862689539326729,0.2957192188494809,0.2882637995817882,0.3173061933298005,0.3171442825797991,0.32423712603576904,0.27701886943642434,0.3151549252781647,0.2928793234904735
MONEYPY,RFC,recall_weighted,0.3391915641476274,0.3251318101933216,0.3585237258347979,0.34973637961335674,0.3585237258347979,0.3585237258347979,0.36619718309859156,0.3274647887323944,0.34507042253521125,0.3415492957746479
